Date,Name,US $ TO UK Â£ (BBI) - EXCHANGE RATE,ITALIAN LIRA TO US $ (BBI) - EXCHANGE RATE,BELGIAN FR.TO US $ SPT FN(BBI) DISC - EXCHANGE RATE,FRENCH FRANC TO US $ (BBI) - EXCHANGE RATE,SWISS FRANC TO US $ (BBI) - EXCHANGE RATE,GERMAN MARK TO US $ (BBI) - EXCHANGE RATE,NETH. GUILDER TO US $ (BBI) - EXCHANGE RATE,JAPANESE YEN TO US $ (BBI) - EXCHANGE RATE,HONG KONG $ TO US $ (BBI) - EXCHANGE RATE,SOUTH AFRICA RAND TO US $ (BBI) - EXCHANGE RATE,CANADIAN $ TO US $ (BBI) - EXCHANGE RATE,SINGAPORE $ TO US $ (BBI) - EXCHANGE RATE,MALAYSIAN RINGGIT TO US $ (BBI) DISC - EXCHANGE RATE,AUSTRALIAN $ TO US $ (BBI) - EXCHANGE RATE,NEW ZEALAND $ TO US $ (BBI) - EXCHANGE RATE,SWEDISH KRONA TO US $ (BBI) - EXCHANGE RATE,NORWEGIAN KRONE TO US $ (BBI - EXCHANGE RATE,DANISH KRONE TO US $ (BBI) - EXCHANGE RATE,EURO TO US $ (BBI) - EXCHANGE RATE
1983-10-31,30600.0,0.6612444620776301,1572.5,52.65,7.9225,2.0995,2.583,2.8972,232.325,8.345,1.1129,,,,,,,,,
1983-11-30,30620.0,0.6694336591243808,1598.13,53.51,8.0025,2.1412,2.6300000000000003,2.9467000000000003,233.95,7.7995,1.1737,,,,,,,,,
1983-12-31,30649.0,0.6844626967830254,1644.0,55.07,8.249500000000001,2.1797,2.714,3.0447,234.5,7.809,1.2074,,,,,,,,,
1984-01-31,30680.0,0.6889424733034791,1654.29,55.6,8.315000000000001,2.1795,2.7212,3.06,231.6,7.77,1.2214,,,,,,,,,
1984-02-29,30711.0,0.7106310403638431,1712.0,57.44,8.5975,2.2395,2.8115,3.1630000000000003,234.52,7.8005,1.2658,,,,,,,,,
1984-03-31,30740.0,0.6695681285570807,1619.3,53.34,8.015,2.1625,2.6007,2.94,233.15,7.777,1.2007,,,,,,,,,
1984-04-30,30771.0,0.693000693000693,1612.51,53.09,7.975,2.1519999999999997,2.5907,2.9210000000000003,224.4,7.814500000000002,1.2403,,,,,,,,,
1984-05-31,30802.0,0.7163323782234957,1678.0,55.39,8.3375,2.246,2.7195,3.0617,226.85,7.8172000000000015,1.2539,,,,,,,,,
1984-06-30,30832.0,0.7217610970768674,1693.96,55.88,8.4025,2.261,2.7335000000000003,3.083,231.45,7.814500000000002,1.2846,,,,,,,,,
1984-07-31,30862.0,0.7371913011426465,1712.5,56.66,8.5355,2.3307,2.781,3.1345,237.425,7.819,1.3559,,,,,,,,,
1984-08-31,30893.0,0.764525993883792,1783.91,58.57,8.8835,2.4635,2.8945000000000003,3.2707,245.7,7.8485,1.6221,,,,,,,,,
1984-09-30,30924.0,0.7628928898382668,1789.0,58.17,8.8535,2.4005,2.8825000000000003,3.2532,241.2,7.842,1.5576,,,,,,,,,
1984-10-31,30956.0,0.8071025020177562,1888.41,61.9,9.365,2.5175,3.0515000000000003,3.44,246.425,7.8105,1.6793,,,,,,,,,
1984-11-30,30985.0,0.8233841086867024,1886.93,61.53,9.34,2.5092000000000003,3.0435000000000003,3.4457,245.65,7.82,1.9231,,,,,,,,,
1984-12-31,31015.0,0.8316008316008316,1904.52,61.97,9.4205,2.5285,3.0805,3.463,245.95,7.8277,1.8493,1.3217,2.1737,2.415,1.193,2.0661,8.85,8.956000000000003,11.093,
1985-01-31,31047.0,0.8630361612151549,1936.19,63.25,9.64,2.6025,3.1515,3.5575,251.55,7.8197,1.9881,1.3215,2.1775,2.4285,1.2114,2.1008,8.98,9.09,11.29,
1985-02-28,31077.0,0.8851907586084802,1954.45,63.3,9.675,2.6750000000000003,3.1689999999999996,3.5839999999999996,254.52,7.799200000000001,1.9743,1.3277,2.2072000000000003,2.4897,1.2259,2.1263,9.0475,9.1775,11.3175,
1985-03-31,31105.0,0.9182736455463728,2069.34,66.85,10.185,2.83,3.3275,3.765,258.85,7.7975,2.0202,1.3835000000000002,2.245,2.545,1.3889,2.241,9.405,9.545,11.935,
1985-04-30,31138.0,0.8181966944853543,1990.5,62.7,9.47,2.6375,3.1215,3.5145,252.4,7.797700000000002,1.9436,1.3672,2.22,2.5295,1.4749,2.1669,8.975,8.955,11.155,
1985-05-31,31166.0,0.8126777732629014,1985.5,62.57,9.51,2.6135,3.1142000000000003,3.5165,252.63,7.779000000000001,1.9493,1.3682,2.2230000000000003,2.483,1.527,2.2,9.025,8.975,11.265,
1985-06-30,31197.0,0.7849293563579278,1966.5,61.97,9.38,2.5955,3.08,3.4715000000000003,251.525,7.7725,2.0,1.3775000000000002,2.221,2.47,1.5049,2.2222,8.907,8.852,11.0775,
1985-07-31,31229.0,0.7655795437145919,1937.0,61.1,9.245,2.5469999999999997,3.0417,3.4275,247.85,7.756,1.9751,1.3575000000000002,2.2270000000000003,2.495,1.4969999999999999,2.0513,8.752500000000001,8.745000000000001,10.8975,
1985-08-31,31258.0,0.7032348804500702,1886.5,56.82,8.5625,2.2905,2.8139999999999996,3.165,236.775,7.746,2.0471,1.3505,2.1919999999999997,2.4592,1.3866,1.8939,8.285,8.215,10.105,
1985-09-30,31289.0,0.7182876023559833,1876.0,56.9,8.585,2.3085,2.813,3.1540000000000004,238.9,7.803999999999999,2.25,1.3655000000000002,2.26,2.48,1.4255,1.8416,8.315000000000001,8.235000000000001,10.185,
1985-10-31,31320.0,0.710126402499645,1809.0,54.17,8.17,2.1950000000000003,2.6790000000000003,3.02,216.15,7.7650000000000015,2.5592,1.3707,2.1375,2.4450000000000003,1.4235,1.8281,8.040000000000001,7.9700000000000015,9.7225,
1985-11-30,31350.0,0.693721817551162,1770.0,53.07,7.995,2.1462,2.6210000000000004,2.9575,211.425,7.793500000000001,2.5543,1.3659999999999999,2.133,2.4425000000000003,1.4261,1.7316,7.86,7.857500000000001,9.4875,
1985-12-31,31380.0,0.6718172657037285,1714.5,51.05,7.6675,2.081,2.5107,2.8205,202.075,7.7985000000000015,2.7027,1.3835000000000002,2.0940000000000003,2.4182,1.4571,1.7422000000000002,7.6325,7.572500000000002,9.105,
1986-01-31,31411.0,0.6948787436592314,1679.5,50.38,7.5550000000000015,2.076,2.4650000000000003,2.7769999999999997,200.95,7.807,2.6076,1.399,2.1095,2.435,1.4669,1.9980000000000002,7.5975,7.5875,8.97,
1986-02-28,31442.0,0.7079646017699115,1616.5,48.54,7.285,2.0122,2.379,2.685,192.975,7.8035,2.2831,1.4169999999999998,2.1435,2.4755000000000003,1.3957000000000002,1.867,7.495,7.41,8.745000000000001,
1986-03-31,31470.0,0.6759040216289287,1513.5,45.45,6.8450000000000015,1.8745,2.221,2.5125,180.15,7.800000000000002,1.9802,1.409,2.1535,2.4825,1.4331,1.9194,7.15,6.9525000000000015,8.205,
1986-04-30,31502.0,0.6745362563237773,1583.0,47.75,7.16,1.952,2.3227,2.6215,179.45000000000005,7.816000000000002,2.0834,1.3969999999999998,2.173,2.572,1.4039,1.8727,7.3450000000000015,7.2425000000000015,8.585,
1986-05-31,31531.0,0.6445375443119561,1492.0,44.26,6.925000000000002,1.8185,2.1757,2.452,167.8,7.7895,2.0513,1.3795000000000002,2.1895,2.5875,1.3507,1.7094,7.0125,6.915,8.0525,
1986-06-30,31562.0,0.6791171477079797,1591.5,47.45,7.3925,1.929,2.325,2.611,174.4,7.8085,2.3447,1.379,2.2390000000000003,2.6395,1.3989,1.773,7.380000000000001,7.82,8.595,
1986-07-31,31593.0,0.6525285481239804,1508.5,45.4,7.005,1.7950000000000002,2.1985,2.4752,163.75,7.8075,2.4691,1.3865,2.188,2.6232,1.4851,1.8157,7.115,7.5075,8.15,
1986-08-31,31623.0,0.6715916722632639,1451.0,44.05,6.8500000000000005,1.6942000000000002,2.1145,2.3805,155.75,7.8077,2.6076,1.3836000000000002,2.1795,2.6289999999999996,1.6371,1.9231,7.0025,7.442500000000001,7.9525000000000015,
1986-09-30,31656.0,0.6711409395973155,1396.25,42.42,6.635000000000002,1.633,2.0215,2.282,153.82500000000005,7.8002,2.4938,1.3865,2.145,2.6025,1.6408,2.0576000000000003,6.87,7.277500000000002,7.6725,
1986-10-31,31684.0,0.6970098278385725,1400.5,42.45,6.6355,1.642,2.02,2.289,153.70000000000005,7.8009,2.2124,1.3879,2.1710000000000003,2.6210000000000004,1.5925,2.0325,6.9125000000000005,7.3675000000000015,7.652500000000002,
1986-11-30,31715.0,0.7155635062611807,1419.0,42.75,6.697500000000002,1.7020000000000002,2.0515,2.3200000000000003,161.8,7.7987,2.2779000000000003,1.3877000000000002,2.189,2.6210000000000004,1.5573,1.9743,7.010000000000002,7.49,7.7275,
1986-12-31,31747.0,0.6955070246209487,1363.0,41.05,6.4350000000000005,1.6369999999999998,1.9645,2.2225,162.25,7.7865,2.2124,1.3827,2.1903,2.596,1.5383,2.008,6.8525,7.4775,7.4125,
1987-01-31,31776.0,0.6809669731018047,1355.5,41.0,6.45,1.6262,1.9457,2.2007000000000003,159.9,7.791,2.2026,1.383,2.178,2.5995,1.5059,1.9084,6.8125,7.4225,7.3775,
1987-02-28,31807.0,0.6607201850016517,1302.5,38.7,6.11,1.5425,1.8319999999999999,2.06,153.675,7.760000000000002,2.0842,1.3415,2.14,2.535,1.5109,1.8484,6.535,7.0375000000000005,6.94,
1987-03-31,31835.0,0.6469560716827327,1299.0,38.35,6.0825000000000005,1.536,1.8272,2.061,153.20000000000005,7.795000000000001,2.0747,1.3324,2.1345,2.5147,1.4776,1.7841,6.465000000000002,6.985,6.8825,
1987-04-30,31866.0,0.6211180124223602,1286.5,38.03,6.0085000000000015,1.5055,1.8045,2.0342,146.3,7.797700000000002,2.0069999999999997,1.3072,2.134,2.51,1.423,1.7668,6.3175,6.8050000000000015,6.822500000000002,
1987-05-31,31896.0,0.6024096385542169,1281.75,37.45,5.9775,1.473,1.7935,2.0237000000000003,140.25,7.8025,2.004,1.3357,2.129,2.4805,1.4155,1.7109,6.275,6.715000000000002,6.7625,
1987-06-30,31929.0,0.6157635467980295,1323.5,38.1,6.1155,1.521,1.8345,2.0669999999999997,145.45000000000005,7.808000000000002,2.0367,1.3375,2.1245000000000003,2.5069999999999997,1.3981,1.7271,6.3725000000000005,6.785,6.8925,
1987-07-31,31957.0,0.6248047485160887,1326.0,38.02,6.1075,1.5215,1.829,2.0595,146.72,7.807,2.045,1.334,2.121,2.52,1.3869999999999998,1.6906,6.3875,6.705,6.9325,
1987-08-31,31988.0,0.6271558482282847,1343.7,38.6,6.1707,1.5385,1.8565,2.0895,149.70000000000005,7.808000000000002,2.0747,1.3321,2.1125000000000003,2.5460000000000003,1.4325,1.773,6.4675,6.7825000000000015,7.035,
1987-09-30,32020.0,0.6126324817741836,1313.0,37.87,6.0575,1.4905000000000002,1.8105,2.04,142.20000000000005,7.8075,2.0387,1.3190000000000002,2.1055,2.516,1.4071,1.6529,6.3795,6.6745,6.979500000000002,
1987-10-31,32049.0,0.6144393241167434,1324.8,38.3,6.1175000000000015,1.5287000000000002,1.84,2.0695,146.15,7.807,2.0747,1.31,2.0935,2.528,1.3918,1.5444,6.4325,6.705,7.0525,
1987-11-30,32080.0,0.5808887598024978,1274.0,36.3,5.87,1.4297,1.7295,1.9427,138.275,7.804200000000002,2.0068,1.3155,2.0700000000000003,2.5145,1.4925000000000002,1.6878000000000002,6.1925,6.5575,6.6775,
1987-12-31,32111.0,0.5470459518599562,1210.5,34.42,5.5687000000000015,1.344,1.6385,1.8432,132.25,7.7675,1.9417,1.3087,2.025,2.4865,1.4175,1.5419999999999998,5.95,6.3825,6.325,
1988-01-31,32141.0,0.5380683346785041,1176.5,33.58,5.4025,1.2895,1.594,1.7941,123.375,7.7595,1.9305,1.3055,1.9935,2.4890000000000003,1.3889,1.5174,5.8325000000000005,6.2725,6.15,
1988-02-29,32174.0,0.5688282138794084,1246.0,35.37,5.7015,1.3805,1.6911,1.8991,129.3,7.8035,1.994,1.275,2.0235000000000003,2.559,1.4093,1.5037,6.064500000000002,6.3995000000000015,6.4765000000000015,
1988-03-31,32202.0,0.5637614161686774,1244.5,35.35,5.7185000000000015,1.392,1.6880000000000002,1.8946,128.3,7.800000000000002,2.0833,1.2615,2.0135,2.5825,1.3913,1.5037,5.9885,6.3525,6.4535,
1988-04-30,32232.0,0.5329070077271516,1232.5,35.1,5.6445,1.374,1.662,1.8685,125.03,7.8035,2.1285000000000003,1.237,2.0055,2.5645,1.3531,1.5384,5.9055,6.2775,6.4,
1988-05-31,32262.0,0.5320563979781857,1245.5,35.160000000000004,5.6925,1.3935,1.6745,1.8777,124.95,7.817,2.1519999999999997,1.2297,2.0045,2.573,1.3197,1.4869999999999999,5.8725000000000005,6.1675,6.4535,
1988-06-30,32293.0,0.5389382915656158,1272.5,35.93,5.775,1.4360000000000002,1.7160000000000002,1.921,124.85,7.8153000000000015,2.2303,1.24,2.017,2.585,1.2391,1.4337,5.9405,6.2125,6.5315,
1988-07-31,32323.0,0.5863383172090296,1355.5,38.43,6.1595,1.515,1.8295,2.0645,133.7,7.8005,2.326,1.217,2.0460000000000003,2.6115,1.2718,1.5004000000000002,6.2735,6.6155,6.94,
1988-08-31,32356.0,0.5837711617046117,1381.5,39.8,6.327000000000001,1.5625,1.875,2.1165000000000003,132.72,7.8055,2.4530000000000003,1.2075,2.0433,2.639,1.2445000000000002,1.5083,6.4300000000000015,6.7985000000000015,7.1235,
1988-09-30,32385.0,0.5917159763313609,1387.0,39.85,6.3435000000000015,1.5755,1.8643,2.1077,134.45,7.803,2.4305000000000003,1.2385000000000002,2.039,2.67,1.2429999999999999,1.6537000000000002,6.4585,6.9,7.192500000000001,
1988-10-31,32415.0,0.5943536404160475,1402.0,39.85,6.4035,1.5935,1.8822,2.122,134.35,7.8085,2.4859999999999998,1.217,2.0399000000000003,2.6745,1.2758,1.6234000000000002,6.447500000000002,6.94,7.2200000000000015,
1988-11-30,32447.0,0.5649717514124294,1319.0,37.5,6.0675,1.496,1.778,2.006,125.3,7.809500000000001,2.4895,1.2195,1.9965,2.6705,1.2188,1.5962,6.1625000000000005,6.6115,6.8445,
1988-12-31,32476.0,0.5406866720735334,1277.5,36.5,5.899,1.4458,1.7269999999999999,1.9469999999999998,121.45,7.806,2.3125,1.195,1.9395,2.6795,1.1396,1.529,6.0125,6.4845000000000015,6.6625000000000005,
1989-01-31,32507.0,0.5534034311012729,1305.0,37.27,6.0600000000000005,1.5025000000000002,1.7755,2.004,125.05,7.8085,2.38,1.192,1.9435,2.71,1.1699000000000002,1.5873000000000002,6.125,6.565,6.86,
1989-02-28,32538.0,0.5676979846721544,1360.0,39.18,6.32,1.5803,1.86,2.0992,129.4,7.801,2.3965,1.1820000000000002,1.9305,2.7335000000000003,1.1344,1.6474,6.33,6.7275,7.2325,
1989-03-31,32566.0,0.5730659025787965,1339.5,38.3,6.1850000000000005,1.5545,1.8165,2.0512,126.55,7.7989999999999995,2.4795000000000003,1.2038,1.926,2.73,1.2523,1.6064,6.2735,6.6785000000000005,7.0895,
1989-04-30,32597.0,0.5932957579353307,1386.5,39.76,6.3905,1.652,1.8925,2.1325000000000003,132.7,7.7865,2.5575,1.194,1.9595,2.7605,1.2202,1.6273,6.44,6.8675000000000015,7.3525,
1989-05-31,32629.0,0.5920663114268798,1375.5,39.48,6.355,1.6735,1.8795,2.1187,132.85,7.7793,2.559,1.187,1.95,2.6950000000000003,1.2586000000000002,1.6247,6.3805000000000005,6.8295,7.3185,
1989-06-30,32658.0,0.641972138409193,1455.0,42.26,6.8125,1.7575,2.0105,2.2683,143.5,7.776000000000002,2.79,1.21,1.9595,2.7155,1.3405,1.7153,6.755,7.235,7.8395,
1989-07-31,32688.0,0.643915003219575,1413.5,40.9,6.6075,1.6769999999999998,1.956,2.1972,143.425,7.7945,2.7655000000000003,1.195,1.9582,2.7,1.3210000000000002,1.7361,6.6175000000000015,7.0950000000000015,7.56,
1989-08-31,32720.0,0.5998080614203455,1341.5,39.13,6.322500000000002,1.6098,1.8701,2.1067,137.0,7.806,2.6475,1.1815,1.9497,2.6595,1.3236,1.7094,6.3825,6.8500000000000005,7.2625,
1989-09-30,32750.0,0.6318316800404372,1392.5,40.66,6.5155,1.6745,1.945,2.1873,143.55,7.809500000000001,2.7510000000000003,1.1760000000000002,1.9635,2.6925000000000003,1.3038,1.6920000000000002,6.5675,7.067500000000001,7.53,
1989-10-31,32780.0,0.6186204763377667,1364.0,39.38,6.3500000000000005,1.6219999999999999,1.8725,2.1145,139.4,7.8005,2.6915,1.1785,1.9595,2.6875,1.2903,1.6920000000000002,6.415,6.905,7.285,
1989-11-30,32811.0,0.6338340622425048,1347.5,38.61,6.2335,1.608,1.8368,2.0735,141.85,7.808000000000002,2.6345,1.175,1.9545,2.6955,1.2766,1.6999000000000002,6.3975,6.88,7.15,
1989-12-31,32841.0,0.6383657835939993,1314.0,37.45,6.0775000000000015,1.5885,1.7825000000000002,2.0105,142.75,7.814,2.6025,1.166,1.9509999999999998,2.7015,1.2807000000000002,1.6971,6.3775,6.8075,6.9125000000000005,
1990-01-31,32874.0,0.6199628022318661,1268.5,35.57,5.7862,1.541,1.6915,1.909,143.65,7.806,2.5505,1.158,1.9,2.7,1.266,1.681,6.1979999999999995,6.5950000000000015,6.581,
1990-02-28,32903.0,0.5943536404160475,1247.5,34.980000000000004,5.7125,1.4897,1.6805,1.8935,144.0,7.811,2.5435000000000003,1.1905,1.8607,2.697,1.3072,1.6743,6.1475,6.485,6.487500000000002,
1990-03-31,32931.0,0.5911912503694945,1245.5,35.13,5.7025000000000015,1.4845000000000002,1.6833,1.898,148.70000000000005,7.808000000000002,2.5505,1.194,1.8655,2.7045000000000003,1.3149,1.7004,6.1055,6.503500000000002,6.4825,
1990-04-30,32962.0,0.6075334143377886,1246.75,35.1,5.6945000000000014,1.4962,1.6875,1.9067,158.25,7.807,2.6460000000000004,1.171,1.885,2.7275,1.3245,1.7256,6.1215,6.5625,6.46,
1990-05-31,32993.0,0.6108735491753208,1230.0,34.63,5.6315,1.4520000000000002,1.6785,1.889,158.85,7.792999999999999,2.6595,1.164,1.8745,2.7150000000000003,1.3333000000000002,1.7385000000000002,6.0925,6.5255,6.385000000000002,
1990-06-30,33023.0,0.5897965202005309,1234.5,34.5,5.66,1.421,1.6815,1.8895,151.3,7.7795,2.6555,1.179,1.848,2.7003,1.2962,1.7406,6.077000000000001,6.4625,6.402500000000002,
1990-07-31,33053.0,0.572737686139748,1222.5,34.79,5.585,1.4165,1.6645,1.8745,151.95000000000005,7.7875,2.6545,1.1653,1.8385,2.71,1.2618,1.6984,6.0315,6.402500000000002,6.3375,
1990-08-31,33084.0,0.5425935973955507,1178.0,34.79,5.3900000000000015,1.3645,1.6105,1.8153,148.335,7.763000000000001,2.5985,1.152,1.813,2.7015,1.2621,1.6906,5.870500000000002,6.205,6.1345,
1990-09-30,33115.0,0.5204267499349466,1160.0,34.79,5.2515,1.2950000000000002,1.5665,1.766,144.25,7.761500000000002,2.5585,1.1447,1.7665000000000002,2.6877,1.2217,1.6207,5.755,6.0525,5.9965,
1990-10-31,33147.0,0.5292405398253507,1162.5,34.79,5.1965,1.2882,1.5505,1.749,137.0,7.759200000000001,2.5665,1.1515,1.76,2.6972,1.1976,1.6129,5.7195,6.019,5.9255,
1990-11-30,33176.0,0.513347022587269,1135.5,34.79,5.0765,1.2865,1.5195,1.7109999999999999,129.25,7.7886000000000015,2.545,1.1663,1.7086,2.7012,1.2779,1.6287,5.652,5.932,5.8265,
1990-12-31,33206.0,0.5111167901865576,1120.5,34.79,5.03,1.2723,1.5005000000000002,1.6816,133.45,7.796,2.5045,1.1655,1.7125,2.6935,1.2945,1.6407,5.5825000000000005,5.8175,5.715,
1991-01-31,33238.0,0.5184033177812338,1128.5,34.79,5.0975,1.279,1.4985000000000002,1.6900000000000002,135.7,7.7995,2.5625,1.1597,1.736,2.6925000000000003,1.2970000000000002,1.7036,5.6275,5.88,5.8050000000000015,
1991-02-28,33268.0,0.5105948429920858,1121.0,34.79,5.0675,1.2665,1.494,1.6855,131.7,7.7929,2.5485,1.159,1.7325000000000002,2.6997,1.2739,1.6667,5.5745000000000005,5.8475,5.7655,
1991-03-31,33296.0,0.5217845030002609,1136.0,34.79,5.1725,1.3170000000000002,1.523,1.7145,132.15,7.7933,2.5675000000000003,1.1515,1.7265,2.7175,1.2753,1.6694,5.6525,5.9625,5.8455,
1991-04-30,33329.0,0.5762028233938347,1270.0,34.79,5.7845,1.455,1.7075,1.9235,141.35,7.7945,2.7315,1.1586,1.7935,2.7725,1.2902,1.7036,6.165,6.6450000000000005,6.5550000000000015,
1991-05-31,33357.0,0.5971931919976112,1304.0,34.79,5.9625,1.4906,1.769,1.99,138.0,7.795400000000001,2.8165,1.1534,1.7805000000000002,2.7641,1.2839,1.7100000000000002,6.295,6.8965000000000005,6.7725,
1991-06-30,33388.0,0.5829204313611192,1276.0,34.79,5.8295,1.4643000000000002,1.7180000000000002,1.9335,137.85,7.729500000000002,2.8135000000000003,1.148,1.7635,2.758,1.3216,1.7153,6.1565,6.694,6.5985000000000005,
1991-07-31,33420.0,0.6188118811881188,1353.0,34.79,6.165,1.5623,1.8215,2.0469999999999997,138.35,7.766,2.8939999999999997,1.1427,1.7675,2.79,1.3059,1.7446000000000002,6.5555,7.0775000000000015,7.0200000000000005,
1991-08-31,33449.0,0.5945303210463733,1307.25,34.79,5.9445000000000014,1.5275,1.7485000000000002,1.9715,137.89,7.752999999999999,2.8705000000000003,1.1513,1.7469999999999999,2.7875,1.2819999999999998,1.7482,6.354,6.8420000000000005,6.78,
1991-09-30,33480.0,0.5957700327673517,1306.5,34.79,5.9525000000000015,1.5285,1.7485000000000002,1.97,136.95000000000002,7.7595,2.8725,1.1417000000000002,1.723,2.787,1.2738,1.7406,6.3405000000000005,6.8255,6.7425000000000015,
1991-10-31,33511.0,0.5709391949757351,1245.0,34.79,5.6825,1.4505,1.661,1.874,132.9,7.7412,2.8025,1.132,1.6854,2.7362,1.251,1.7621,6.0695000000000014,6.5025,6.4125000000000005,
1991-11-30,33541.0,0.5747126436781609,1250.5,34.79,5.737500000000002,1.4704000000000002,1.6715,1.8925,131.05,7.7684000000000015,2.8365,1.1227,1.6906,2.7467,1.2751,1.7986,6.12,6.5875,6.5145,
1991-12-31,33571.0,0.5653550429669832,1226.5,34.79,5.5655,1.4378,1.628,1.8359999999999999,130.1,7.7609,2.8000000000000003,1.1342,1.6642,2.7510000000000003,1.274,1.7793,5.957999999999999,6.4085,6.3325000000000005,
1992-01-31,33602.0,0.5349023803155925,1152.5,34.79,5.19,1.355,1.519,1.7095,125.6,7.777500000000002,2.7465,1.158,1.63,2.73,1.3153,1.8484,5.5520000000000005,5.985,5.9175,
1992-02-29,33633.0,0.5615769079575448,1215.5,34.79,5.5,1.4420000000000002,1.6147,1.818,125.85,7.7618,2.8025,1.1757,1.633,2.6340000000000003,1.3359,1.8553,5.893000000000002,6.3629999999999995,6.29,
1992-03-31,33662.0,0.5689900426742531,1229.5,34.79,5.565,1.483,1.638,1.844,129.05,7.7566000000000015,2.8425,1.1814,1.6437000000000002,2.5854,1.3258,1.8288,5.9365000000000006,6.4145,6.346500000000002,
1992-04-30,33693.0,0.5775339301183945,1246.5,34.79,5.6000000000000005,1.5075,1.6515000000000002,1.8595,133.5,7.7385,2.8789999999999996,1.1902,1.661,2.585,1.3037,1.8231,6.0005000000000015,6.49,6.4145,
1992-05-31,33723.0,0.5643340857787811,1245.0,34.79,5.5945,1.525,1.6555,1.865,133.63,7.7565,2.8760000000000003,1.1942000000000002,1.6545,2.5255,1.3174,1.8553,5.985,6.4700000000000015,6.41,
1992-06-30,33756.0,0.5485463521667581,1213.5,34.79,5.4075000000000015,1.4625,1.6095000000000002,1.8115,127.55,7.7379999999999995,2.8335000000000004,1.2048,1.6272,2.5395000000000003,1.3197,1.8667,5.7965,6.271,6.1925,
1992-07-31,33784.0,0.5238344683080146,1147.5,34.79,5.0995,1.3665,1.515,1.7105,125.035,7.7307000000000015,2.7695000000000003,1.1939,1.6181,2.5057,1.3386,1.8349,5.485,5.944,5.830500000000002,
1992-08-31,33815.0,0.5208333333333334,1121.6,0.0,5.0095,1.3215,1.4805,1.671,127.595,7.7365,2.765,1.1832,1.6135000000000002,2.5025,1.3431,1.8308,5.377000000000002,5.822,5.7005,
1992-09-30,33847.0,0.5045408678102926,1075.15,0.0,4.795,1.257,1.406,1.5850000000000002,123.435,7.7280000000000015,2.745,1.1965,1.5985,2.494,1.3923,1.8501,5.146,5.5710000000000015,5.4385,
1992-10-31,33876.0,0.5649717514124294,1208.5,0.0,4.815,1.245,1.4245,1.6059999999999999,119.575,7.729,2.8169999999999997,1.2527,1.5959999999999999,2.4975,1.4006,1.8605,5.3500000000000005,5.7700000000000005,5.521,
1992-11-30,33907.0,0.64,1314.5,0.0,5.28,1.3755000000000002,1.5418,1.7335,123.2,7.7305,2.955,1.2412,1.6205,2.51,1.4389,1.9084,5.8035000000000005,6.2825000000000015,5.9239999999999995,
1992-12-31,33938.0,0.6609385327164574,1395.0,0.0,5.4060000000000015,1.4375,1.5919999999999999,1.7937,124.425,7.74,3.0189999999999997,1.2859,1.6369999999999998,2.535,1.466,1.9569999999999999,6.83,6.5150000000000015,6.17,
1993-01-31,33968.0,0.6609385327164574,1465.5,0.0,5.49,1.4605,1.6145,1.8135,124.43,7.739000000000001,3.055,1.2691,1.641,2.613,1.4500000000000002,1.9474,7.050000000000002,6.916,6.245,
1993-02-28,34001.0,0.6879944960440316,1513.5,0.0,5.5225,1.5187000000000002,1.6365,1.838,124.85,7.735,3.0982000000000003,1.2647000000000002,1.646,2.623,1.48,1.9474,7.455,6.961,6.307,
1993-03-31,34029.0,0.6942034015966678,1574.5,0.0,5.585,1.529,1.6455000000000002,1.8519999999999999,118.42,7.7335,3.1485000000000003,1.2494,1.645,2.6322,1.4175,1.8975,7.814500000000002,7.0185,6.3100000000000005,
1993-04-30,34058.0,0.6691201070592171,1600.0,0.0,5.4915,1.4975,1.618,1.8195,116.605,7.7315,3.18,1.2518,1.6413,2.5905,1.4046,1.8726,7.6855,6.8900000000000015,6.213100000000002,
1993-05-31,34088.0,0.6363347120585429,1473.0,0.0,5.3375,1.4260000000000002,1.5845,1.774,111.925,7.729500000000002,3.1540000000000004,1.2717,1.6145,2.5700000000000003,1.403,1.8382,7.2730000000000015,6.6850000000000005,6.075,
1993-06-30,34120.0,0.6406149903907751,1464.5,0.0,5.3610000000000015,1.4185,1.587,1.78,107.255,7.7235,3.177,1.2712,1.6059999999999999,2.557,1.4561000000000002,1.8467,7.1739999999999995,6.751,6.082000000000001,
1993-07-31,34149.0,0.6653359946773121,1539.5,0.0,5.695,1.5,1.6915,1.8925,107.1,7.747000000000001,3.323,1.2804,1.6225,2.5785,1.4933,1.8605,7.7575,7.1475,6.501,
1993-08-31,34180.0,0.6743088334457181,1618.0,0.0,5.9735000000000005,1.5255,1.744,1.9555,105.05,7.755800000000002,3.3800000000000003,1.284,1.6175000000000002,2.563,1.4509999999999998,1.805,8.265,7.4665,6.7940000000000005,
1993-09-30,34211.0,0.6662225183211193,1597.5,0.0,5.835,1.4705,1.6655,1.8745,104.15,7.747999999999999,3.3652,1.3205,1.6045,2.549,1.5012,1.8109,8.058,7.252999999999999,6.86,
1993-10-31,34241.0,0.6611570247933883,1573.0,0.0,5.635000000000002,1.4098000000000002,1.6115000000000002,1.8115,105.25,7.7365,3.4215,1.3285,1.5853000000000002,2.5497,1.5546,1.8182,8.045,7.0680000000000005,6.534000000000002,
1993-11-30,34274.0,0.6756756756756757,1651.35,0.0,5.9288,1.5002,1.6975,1.9035,108.48,7.7265000000000015,3.37,1.3170000000000002,1.5930000000000002,2.5619,1.4838,1.8034,8.1899,7.3803,6.8073000000000015,
1993-12-31,34302.0,0.6715916722632639,1691.55,0.0,5.9015,1.4907,1.709,1.9173,109.25,7.7275,3.3692,1.3336,1.6019999999999999,2.5585,1.5134,1.8345,8.458400000000001,7.4279,6.7722000000000016,
1994-01-31,34333.0,0.6772773450728073,1709.85,0.0,5.88,1.483,1.7347,1.9409999999999998,112.0,7.7235,3.4015,1.3286,1.605,2.6889999999999996,1.4804000000000002,1.7937,8.3256,7.5056,6.7658000000000005,
1994-02-28,34365.0,0.6664445184938353,1695.55,0.0,5.9075000000000015,1.4638,1.7409999999999999,1.9496,108.8,7.7235,3.4225000000000003,1.3275,1.5932000000000002,2.7645,1.4104,1.7612,7.8997,7.4668,6.7447,
1994-03-31,34393.0,0.6718172657037285,1681.05,,5.7885,1.4240000000000002,1.7025,1.9125,104.1,7.7265000000000015,3.4735,1.3519999999999999,1.5810000000000002,2.7265,1.4041,1.7376,7.9943,7.4252,6.7065,
1994-04-30,34423.0,0.6747183051076175,1631.25,,5.7245,1.419,1.6747,1.8815,103.15,7.7263,3.4795000000000003,1.3789,1.5695,2.6875,1.4286,1.7825000000000002,7.8675000000000015,7.2975,6.5935000000000015,
1994-05-31,34453.0,0.6603711285742587,1593.95,,5.6815000000000015,1.4095,1.6597000000000002,1.8663,102.05,7.725,3.5205,1.3815000000000002,1.5550000000000002,2.6790000000000003,1.3996000000000002,1.7346,7.665,7.2115,6.5215000000000005,
1994-06-30,34484.0,0.6624710168930109,1589.95,,5.6165,1.4015,1.6431,1.8427,104.25,7.7255,3.6435,1.3865,1.536,2.5895,1.3633,1.6992,7.7225,7.1245,6.4405,
1994-07-31,34514.0,0.646370628918622,1571.95,,5.4275,1.3325,1.5835,1.7759,98.79,7.728700000000001,3.6415,1.3837000000000002,1.5237,2.605,1.3803,1.6872,7.645,6.9095,6.2175,
1994-08-31,34547.0,0.6507451031430987,1587.05,,5.4,1.3305,1.5765,1.7705000000000002,99.15,7.7251,3.6485,1.3881,1.507,2.5935,1.3545,1.6589,7.7452,6.8794,6.205100000000002,
1994-09-30,34576.0,0.6512536633018561,1583.55,,5.3962,1.33,1.5759999999999998,1.7695,99.58,7.7280000000000015,3.5875000000000004,1.3674000000000002,1.5,2.552,1.3459,1.6614,7.745500000000002,6.9201000000000015,6.245,
1994-10-31,34606.0,0.6328713372571356,1554.35,,5.276000000000002,1.284,1.5471,1.7334,98.65,7.7273,3.5669999999999997,1.3421,1.4855,2.565,1.3501,1.6569999999999998,7.475,6.773700000000002,6.0708,
1994-11-30,34638.0,0.6114338122898195,1538.45,,5.1485,1.2553,1.5042,1.6858000000000002,96.86,7.7273,3.5050000000000003,1.3528,1.4688,2.5555000000000003,1.3466,1.6247,7.1876000000000015,6.5385,5.8855,
1994-12-31,34667.0,0.6389776357827476,1615.9,,5.3848,1.3275,1.5701,1.7579,98.98,7.7328,3.5455,1.3775000000000002,1.4618,2.555,1.3089,1.6033000000000002,7.5525,6.8395,6.1428,
1995-01-31,34698.0,0.6383657835939993,1620.1,,5.3338,1.3081,1.5485,1.7343000000000002,99.49,7.7368000000000015,3.5439999999999996,1.4029,1.4578,2.5555000000000003,1.2887,1.5601,7.465000000000002,6.7555000000000005,6.0795,
1995-02-28,34729.0,0.6273919317397578,1593.1,,5.2175,1.2683,1.5041,1.6849,98.35,7.7355,3.5292000000000003,1.4191,1.4518,2.5595000000000003,1.3175,1.5642,7.4075000000000015,6.5975,5.9415,
1995-03-31,34757.0,0.6315124723713293,1672.3,,5.1325,1.2365000000000002,1.4573,1.6365,96.66,7.7315,3.6012,1.3967,1.4503,2.5540000000000003,1.3528,1.5726,7.362500000000002,6.4645,5.7961,
1995-04-30,34788.0,0.6254691018263698,1721.1,,4.928,1.1736,1.412,1.5812000000000002,89.55,7.7325,3.6017,1.3993,1.4215,2.539,1.3717,1.5392,7.455,6.2895,5.5825000000000005,
1995-05-31,34820.0,0.6180087757246152,1667.1,,4.9485,1.1455,1.3895,1.5571000000000002,83.5,7.737500000000002,3.62,1.3557,1.391,2.4705,1.3727,1.4821,7.2875,6.2415,5.4620000000000015,
1995-06-30,34849.0,0.6244925997626928,1627.5,,4.8955,1.1437000000000002,1.3875,1.5527,82.925,7.7355,3.6612,1.3707,1.3902,2.4655,1.3869999999999998,1.4981,7.2575,6.1875,5.422999999999999,
1995-07-31,34879.0,0.6277069863787583,1629.9,,4.8425,1.1489,1.3805,1.5495,84.60000000000002,7.7382,3.646,1.3765,1.3969,2.439,1.3966,1.4986000000000002,7.23,6.1415000000000015,5.3895,
1995-08-31,34911.0,0.6258213905751299,1591.1,,4.784,1.1505,1.3849,1.5535,88.25,7.7381,3.62,1.3695000000000002,1.3935,2.4567,1.3523,1.4839,7.065,6.136500000000002,5.3838,
1995-09-30,34941.0,0.6461200491051237,1625.7,,5.0685,1.2105,1.4753,1.6535,98.85,7.7423,3.6592,1.3397,1.4253,2.4993000000000003,1.3245,1.5382,7.312,6.4405,5.7235000000000005,
1995-10-31,34971.0,0.6323110970597534,1613.05,,4.9190000000000005,1.1535,1.4281,1.5983,99.05,7.7315,3.6507,1.3437,1.4215,2.5115000000000003,1.3236,1.5181,6.9380000000000015,6.2765,5.5390000000000015,
1995-11-30,35002.0,0.6333523339033504,1593.95,,4.88,1.1339,1.4037000000000002,1.5727,101.61,7.7327,3.6477,1.3615000000000002,1.416,2.5432,1.314,1.5149,6.621,6.213500000000002,5.4503,
1995-12-31,35032.0,0.6510840549514942,1595.35,,4.9331000000000005,1.1625,1.4351,1.6073000000000002,101.48,7.734800000000001,3.6612,1.3583,1.4125,2.5427,1.3359999999999999,1.5255,6.507999999999999,6.3195000000000014,5.556100000000002,
1996-01-31,35065.0,0.6437077566784679,1585.05,,4.8934000000000015,1.1519,1.4329,1.6021,103.25,7.7322000000000015,3.6455,1.3635000000000002,1.4135,2.539,1.3441,1.5302,6.636,6.3245000000000005,5.5489000000000015,
1996-02-29,35094.0,0.6640547181087721,1599.45,,5.1137000000000015,1.2125,1.4879,1.6663,107.22,7.7322000000000015,3.6532,1.3769,1.4203,2.5598,1.3477,1.4954,6.957000000000002,6.519500000000002,5.7592,
1996-03-31,35123.0,0.6521880910454575,1549.05,,5.0185,1.1945,1.4649,1.6407,104.44,7.7315,3.815,1.3757,1.413,2.5469999999999997,1.3097,1.4927,6.702999999999999,6.3875,5.6643,
1996-04-30,35156.0,0.6555227794165847,1567.45,,5.0449,1.1939,1.4811,1.6569,107.42,7.734,3.9987,1.3559,1.4065,2.531,1.2714,1.4562000000000002,6.6625000000000005,6.4215,5.7171,
1996-05-31,35184.0,0.6624710168930109,1561.65,,5.1407,1.2331,1.5227000000000002,1.7045,104.5,7.7343,4.365,1.3625,1.4058000000000002,2.4923,1.2706,1.4558,6.752000000000002,6.5455000000000005,5.8716,
1996-06-30,35215.0,0.6516780710329098,1548.85,,5.1869000000000005,1.2587000000000002,1.5327000000000002,1.7157,107.6,7.737,4.375,1.3681,1.4095,2.4992,1.2547,1.4584,6.757999999999999,6.5555,5.918900000000002,
1996-07-31,35247.0,0.6429627724554748,1534.15,,5.1526000000000005,1.2495,1.5239,1.7091,109.57,7.7405,4.3305,1.3629,1.4115,2.4929,1.2698,1.463,6.6530000000000005,6.5005000000000015,5.8702000000000005,
1996-08-31,35276.0,0.6427561383211209,1526.85,,5.0169000000000015,1.2033,1.4783000000000002,1.6605,108.05,7.733,4.4675,1.3735000000000002,1.4139000000000002,2.4945,1.2779,1.4399000000000002,6.604,6.3795,5.71,
1996-09-30,35307.0,0.6401638819537802,1510.55,,5.0618,1.1999,1.4793,1.6587,108.71,7.732,4.489,1.3669,1.4069999999999998,2.494,1.2653,1.4465,6.621,6.4085,5.7164,
1996-10-31,35338.0,0.6391818472355385,1522.75,,5.1662,1.2551,1.5269,1.7123000000000002,111.65,7.733,4.5365,1.3621,1.4081,2.5063,1.2642,1.4304,6.629,6.5045,5.8595000000000015,
1996-11-30,35368.0,0.6127075546841492,1514.85,,5.0966000000000005,1.2517,1.5093,1.6931,113.95,7.732,4.742,1.3415,1.4085,2.5279000000000003,1.2626000000000002,1.4162,6.553999999999999,6.3755000000000015,5.796,
1996-12-31,35398.0,0.5947071067499257,1515.95,,5.2252,1.3031,1.5379,1.7245,113.91,7.732,4.6075,1.3477,1.4021,2.5273000000000003,1.2285,1.4047,6.7139999999999995,6.4195,5.8921,
1997-01-31,35429.0,0.5914010290377905,1530.45,,5.2511,1.3519,1.5575,1.7483000000000002,115.92,7.7355,4.6795,1.3683,1.3997000000000002,2.5277000000000003,1.2555,1.4154,6.8820000000000014,6.4535,5.9583,
1997-02-28,35460.0,0.621079436059872,1609.85,,5.5261000000000005,1.4235,1.6377000000000002,1.8389,121.55,7.7485,4.5645,1.3477,1.4075,2.4859,1.3055,1.4495,7.233,6.4905,6.2487,
1997-03-31,35488.0,0.6138358602909582,1678.15,,5.6961,1.4747,1.6875,1.8983,120.73,7.7435,4.4715,1.3663,1.4259000000000002,2.4825,1.2845,1.4512,7.465000000000002,6.7245,6.4371,
1997-04-30,35520.0,0.6129328838492184,1671.35,,5.6432,1.4505,1.6755,1.8847,123.64,7.749,4.4199,1.3765,1.4471,2.4789000000000003,1.2788000000000002,1.4395,7.551,6.6555,6.3833,
1997-05-31,35549.0,0.6129328838492184,1710.35,,5.818300000000002,1.4667,1.7239,1.9403,126.72,7.7465,4.4399000000000015,1.3977000000000002,1.4439,2.5107,1.2812,1.4386,7.8290000000000015,7.0995,6.5673,
1997-06-30,35580.0,0.6110601894286587,1694.35,,5.7738000000000005,1.4153,1.7093,1.9231,116.42,7.747999999999999,4.4685000000000015,1.3797,1.4303,2.5127,1.3123,1.4495,7.754,7.1155,6.5105,
1997-07-31,35611.0,0.6005645306588193,1701.35,,5.8765,1.4607,1.7439,1.9629,114.59,7.747000000000001,4.5355,1.3787,1.4301,2.5245,1.3236,1.4743000000000002,7.723000000000001,7.3205,6.6396000000000015,
1997-08-31,35641.0,0.6131583788092464,1786.85,,6.1800000000000015,1.5143,1.8335,2.0651,118.2,7.7440000000000015,4.5945,1.3825,1.4669,2.6335,1.3423,1.5392,7.955,7.5985,6.985200000000002,
1997-09-30,35674.0,0.620693935820247,1768.95,,6.1074,1.4941,1.8147,2.0425,120.95,7.747999999999999,4.7015,1.3869,1.5195,2.9487,1.368,1.5770000000000002,7.888999999999999,7.5075,6.909000000000002,
1997-10-31,35702.0,0.6187735907431471,1721.65,,5.9045000000000005,1.4507,1.7581,1.9809,120.97,7.7379999999999995,4.6655000000000015,1.3843,1.5279,3.1897,1.3898,1.5666,7.559,7.0755,6.6949000000000005,
1997-11-30,35733.0,0.6002761270184285,1692.65,,5.7864,1.4067,1.7265,1.9461,120.49,7.73,4.8275000000000015,1.4083,1.5799,3.4479,1.4265,1.6059,7.510000000000002,7.0225,6.5713,
1997-12-31,35765.0,0.5943536404160475,1742.25,,5.9552000000000005,1.4335,1.7785000000000002,2.0053,129.18,7.733,4.8629000000000016,1.4239000000000002,1.6042,3.5752,1.4738,1.6391,7.82,7.2545,6.773300000000001,
1998-01-31,35794.0,0.6042661187987189,1758.75,,5.9911,1.4547,1.7905,2.0181,130.11,7.7485,4.8635,1.4379000000000002,1.6780000000000002,3.893,1.5279,1.7155,7.897,7.3235,6.8219,
1998-02-28,35825.0,0.6130080304051984,1807.95,,6.140700000000002,1.4825000000000002,1.8307,2.0651,126.83,7.739000000000001,4.9385,1.4561000000000002,1.715,4.2010000000000005,1.4556,1.7039000000000002,8.148,7.6035,6.9764,
1998-03-31,35853.0,0.6077180188392585,1787.45,,6.0815,1.4665,1.8141,2.0443,126.12,7.7445,4.9439,1.4237,1.6154000000000002,3.655,1.4738,1.7191,7.996,7.5765,6.913200000000002,
1998-04-30,35884.0,0.5960541217142515,1819.95,,6.1855,1.5191,1.8455,2.0805,132.13,7.747000000000001,5.0165000000000015,1.4221,1.6074000000000002,3.63,1.506,1.8041,7.931,7.580500000000002,7.0348000000000015,
1998-05-31,35914.0,0.5986948452373826,1772.45,,6.0150000000000015,1.4955,1.7945,2.0199000000000003,132.15,7.7425000000000015,5.0505,1.4379000000000002,1.588,3.74,1.5419999999999998,1.8073,7.7570000000000014,7.4565,6.8439000000000005,
1998-06-30,35947.0,0.60882800608828,1752.95,,5.965,1.4753,1.7777,2.0037000000000003,139.45000000000002,7.749,5.2025000000000015,1.4561000000000002,1.6960000000000002,3.945,1.6219999999999999,1.8921,7.819,7.5135,6.7752,
1998-07-31,35975.0,0.6007088364269838,1786.15,,6.0781,1.5261,1.8131,2.0439000000000003,141.73,7.7485,5.94,1.4715,1.7156,4.178999999999999,1.6447,1.9853,7.991,7.6915,6.9064000000000005,
1998-08-31,36006.0,0.6097932800780536,1754.05,,5.9599,1.4877,1.7777,2.0043,142.70000000000005,7.7465,6.105,1.5083,1.7159,4.1124,1.6287,1.9339,7.939,7.5485000000000015,6.774,
1998-09-30,36038.0,0.5979073243647234,1749.95,,5.939500000000002,1.4535,1.7719,1.9995,142.5,7.7495,6.4905,1.5689000000000002,1.7765000000000002,4.1930000000000005,1.773,2.0321,8.096,7.9565,6.745500000000002,
1998-10-31,36067.0,0.5857201429157148,1655.85,,5.6154,1.3889,1.6747,1.8883,134.0,7.747999999999999,5.825,1.5019,1.6749,3.8,1.6722,1.9869,7.827999999999999,7.394500000000002,6.3677,
1998-11-30,36098.0,0.597692905385213,1640.85,,5.5623000000000005,1.3571,1.6587,1.8707,116.57,7.745500000000002,5.65,1.5475,1.6245,3.8,1.6,1.89,7.817,7.3735,6.3063,
1998-12-31,36129.0,0.6060973392326808,1678.35,,5.6844,1.3953,1.6951,1.9111,123.11,7.742999999999999,5.7200000000000015,1.5219999999999998,1.6469,3.8,1.5923,1.8986,8.127,7.4815,6.4441000000000015,
1999-01-31,36159.0,0.5999880002399952,1657.55,,5.6153,1.3751,1.6743,1.8865,114.97,7.7475,5.8950000000000005,1.5493,1.6559,3.8,1.63,1.9044,8.118,7.5985,6.3762,0.8458000000000001
1999-02-28,36192.0,0.6092731371473832,1712.75,,5.802300000000002,1.4223,1.73,1.9493,115.09,7.7485,6.0485000000000015,1.5083,1.6905,3.795,1.5785,1.8406,7.83,7.5495,6.5767000000000015,0.8845600000000001
1999-03-31,36220.0,0.6227813414710096,1777.55,,6.021800000000002,1.4623000000000002,1.7955,2.023,119.84,7.747999999999999,6.2275,1.5231,1.7239,3.8,1.6181,1.9088,8.259,7.955500000000002,6.8242,0.91801
1999-04-30,36249.0,0.6200781298443604,1798.25,,6.0920000000000005,1.4845000000000002,1.8164,2.0466,120.09,7.749,6.2125,1.5115,1.7317,3.7998,1.5962,1.8843,8.31,7.7655,6.9021,0.92871
1999-05-31,36279.0,0.6208480784751971,1825.75,,6.1851,1.5173,1.8441,2.0779,119.2,7.751,6.0550000000000015,1.4673,1.6965,3.8,1.5186000000000002,1.8002,8.397,7.7985000000000015,7.0085000000000015,0.9429
1999-06-30,36311.0,0.6245706077072013,1858.3,,6.2954,1.5285,1.8771,2.1149,120.93,7.755000000000001,6.2225,1.4719,1.7255,3.8,1.5314,1.8632,8.603,7.9065,7.1311,0.95973
1999-07-31,36340.0,0.6350415952244872,1874.15,,6.3491,1.5505,1.8931,2.133,120.86,7.757999999999999,6.027,1.4769,1.7045,3.8,1.5209,1.8836,8.459,7.857500000000001,7.1961,0.96791
1999-08-31,36371.0,0.6167889964843026,1810.05,,6.1318,1.4945000000000002,1.8283,2.06,114.7,7.761500000000002,6.1800000000000015,1.5053,1.6831,3.8,1.5302,1.88,8.213000000000001,7.7765,6.957400000000002,0.93479
1999-09-30,36402.0,0.6297625795075257,1851.2,,6.2702,1.5315,1.8695,2.1065,111.53,7.7645,6.093,1.4909,1.6871,3.8,1.5810000000000002,1.9482,8.324,7.939500000000002,7.1082,0.95588
1999-10-31,36432.0,0.608457560085184,1824.05,,6.179200000000002,1.5079,1.8424,2.0759000000000003,106.67,7.768000000000002,6.005,1.4645,1.7065,3.8,1.5314,1.9294,8.192,7.7585000000000015,7.0014,0.94201
1999-11-30,36465.0,0.60882800608828,1844.15,,6.2487,1.5281,1.8631,2.0988,104.28,7.7685,6.152,1.4683000000000002,1.6575,3.8,1.5662,1.9673,8.257,7.8645,7.0817000000000005,0.95242
1999-12-31,36493.0,0.6241028521500342,1920.25,,6.504,1.5987,1.9396,2.185,102.07,7.7715,6.186,1.4747,1.6773,3.8,1.5686,1.9543,8.498000000000001,8.0455,7.3838,0.99151
2000-01-31,36524.0,0.6198475175106923,1927.5,,6.5311,1.5957,1.9473,2.1942,102.5,7.7715,6.15,1.4535,1.6671,3.8,1.5302,1.9139,8.529,8.0195,7.4119,0.99566
2000-02-29,36556.0,0.6180851721367204,1985.2,,6.7267,1.6503,2.0056000000000003,2.2598000000000003,107.375,7.7805,6.3050000000000015,1.4491,1.6995,3.8,1.5686,2.0206,8.821,8.2955,7.6331000000000016,1.0254800000000002
2000-03-31,36584.0,0.6274706657463764,2000.8,,6.7782,1.6599000000000002,2.021,2.2771,109.17,7.7825000000000015,6.297999999999999,1.4541000000000002,1.7165,3.8,1.6353,2.0631,8.687000000000001,8.342500000000001,7.696300000000001,1.03332
2000-04-30,36615.0,0.6277857994852156,2019.6,,6.8403,1.6617000000000002,2.04,2.298,105.44,7.7865,6.577000000000001,1.4567,1.7189,3.8,1.634,2.0028,8.63,8.3975,7.766800000000001,1.0428000000000002
2000-05-31,36647.0,0.6437077566784679,2126.95,,7.205500000000002,1.7209,2.1484,2.4207,108.15,7.7890000000000015,6.8130000000000015,1.4813,1.7075,3.8,1.7094,2.0589,8.941,8.935500000000003,8.1887,1.09847
2000-06-30,36676.0,0.6681365671143182,2080.35,,7.0476,1.6867,2.1013,2.3676,106.72,7.7925,7.0605,1.5045000000000002,1.7339,3.8,1.7331,2.1772,9.019,8.9555,8.016,1.0743900000000002
2000-07-31,36706.0,0.6586313640255549,2037.4,,6.8994,1.6395000000000002,2.0576000000000003,2.3183,105.065,7.795000000000001,6.8245000000000005,1.4821,1.7343000000000002,3.8,1.6625,2.1354,8.827,8.5975,7.847,1.0520200000000002
2000-08-31,36738.0,0.6669779230307477,2085.7,,7.0658,1.6669,2.1067,2.3737,109.63,7.7985000000000015,6.9615,1.4861,1.7339,3.8,1.7286,2.2021,9.157,8.8475,8.0325,1.0771700000000002
2000-09-30,36768.0,0.6869547296833138,2171.3,,7.3558,1.7343000000000002,2.1932,2.4712,106.425,7.800000000000002,6.9565,1.4791,1.7229,3.8,1.7482,2.3436,9.45,9.0595,8.3604,1.1213899999999999
2000-10-31,36798.0,0.6762696963549064,2191.0,,7.4224,1.7243000000000002,2.2131000000000003,2.4936000000000003,107.875,7.7970000000000015,7.2085,1.5063,1.7411,3.8,1.8501,2.4516,9.629,9.0665,8.4427,1.13154
2000-11-30,36829.0,0.6891323823306457,2298.65,,7.7872,1.8073,2.3219000000000003,2.6161000000000003,108.935,7.7995,7.5485000000000015,1.5299,1.7549,3.8,1.9102,2.4771,10.068,9.4025,8.8308,1.18715
2000-12-31,36859.0,0.7021978793624044,2254.25,,7.6385,1.7571,2.2769999999999997,2.5656000000000003,111.19,7.7997,7.769500000000002,1.5411,1.7541,3.8,1.9131,2.4734000000000003,10.117,9.3567,8.688500000000001,1.1642
2001-01-31,36892.0,0.6690305746972637,2065.25,,6.9965,1.6225,2.0861,2.351,114.47,7.7997,7.576300000000002,1.5031,1.7331,3.8,1.7969000000000002,2.2589,9.453,8.844100000000003,7.9637,1.0666
2001-02-28,36921.0,0.6842285323297982,2088.4,,7.0734,1.6443,2.109,2.3763,115.87,7.7995,7.7929,1.5017,1.7469,3.8,1.8245,2.266,9.549,8.8287,8.0555,1.0781
2001-03-31,36949.0,0.6946856547412296,2120.9,,7.1850000000000005,1.6843,2.1423,2.4143000000000003,116.27,7.7999,7.7175,1.5257,1.7421,3.8,1.908,2.3121,9.911,9.0031,8.177100000000001,1.09535
2001-04-30,36980.0,0.7048706562345809,2200.9500000000007,,7.4578000000000015,1.7347,2.2232000000000003,2.5049,125.36,7.7991,8.0351,1.5789,1.8025,3.8,2.0496000000000003,2.4832,10.369000000000002,9.1485,8.4829,1.13694
2001-05-31,37011.0,0.6988608568034104,2182.1,,7.3923,1.7353,2.2041,2.484,123.6,7.7991,8.0351,1.5375,1.8211,3.8,1.9596,2.4207,10.259,9.1619,8.414900000000001,1.12694
2001-06-30,37041.0,0.701508242721852,2257.4,,7.651000000000002,1.7785000000000002,2.2807,2.5703,120.44,7.7999,7.9839,1.5449000000000002,1.8105,3.8,1.9535,2.3998,10.5835,9.2335,8.693900000000001,1.1663800000000002
2001-07-31,37071.0,0.7078643731860975,2284.9500000000007,,7.7408,1.7973,2.3080000000000003,2.6005000000000003,124.77,7.7999,8.040000000000001,1.5155,1.8225,3.8,1.9583,2.4649,10.883,9.3385,8.7873,1.1800700000000002
2001-08-31,37102.0,0.701213098660683,2212.85,,7.4984,1.7265,2.2352000000000003,2.5185,125.23,7.7997,8.2256,1.5307000000000002,1.8045,3.8,1.9769,2.4254,10.600999999999999,9.1387,8.5097,1.14285
2001-09-30,37133.0,0.6855889208830386,2113.14,,7.1587000000000005,1.6541,2.1347,2.4047,119.4,7.7999,8.3731,1.5462,1.7498,3.8,1.8753,2.2609,10.3605,8.7924,8.1251,1.0913400000000002
2001-10-31,37165.0,0.6764984440535786,2111.76,,7.154800000000002,1.6174000000000002,2.1333,2.4037,120.34,7.7991,9.0738,1.5781,1.7689,3.8,2.0204,2.4546,10.6142,8.818200000000003,8.1097,1.09074
2001-11-30,37194.0,0.6868603612885501,2135.51,,7.2346,1.6205,2.1571,2.4304,122.03,7.7999,9.3936,1.5786,1.823,3.8,1.9792,2.4143000000000003,10.6177,8.8084,8.207600000000001,1.10289
2001-12-31,37224.0,0.7023458350891978,2181.96,,7.3919000000000015,1.6556000000000002,2.204,2.4833000000000003,123.88,7.7989000000000015,10.1245,1.5822,1.8333,3.8,1.9322,2.4231000000000003,10.689,8.9735,8.3861,1.1268799999999999
2002-01-31,37256.0,0.6881838827334663,2174.12,,7.3653,1.6596000000000002,2.1961,2.4744,131.33,7.7979,11.9505,1.5925,1.8448,3.8,1.9556,2.4021,10.4538,8.9749,8.3477,1.12283
2002-02-28,37286.0,0.7065639793683318,2240.05,,7.588500000000002,1.7032,2.2629,2.5497,132.83,7.7994,11.450999999999999,1.5912000000000002,1.8347,3.8,1.9757,2.4038,10.6562,9.0629,8.594100000000001,1.157
2002-03-31,37314.0,0.7057661091114404,2241.05,,7.5921,1.7084,2.2637,2.5506,134.44,7.7991,11.4075,1.6082,1.8366,3.8,1.9385,2.3798,10.4992,8.922500000000003,8.600900000000001,1.1574
2002-04-30,37347.0,0.7022965095863473,2224.35,,7.5354,1.6849,2.2468,2.5315000000000003,132.65,7.7997,11.3455,1.5941,1.8437,3.8,1.8739,2.2686,10.3781,8.852400000000003,8.5404,1.14876
2002-05-31,37375.0,0.6858240175570948,2146.64,,7.2722000000000016,1.6227,2.1683,2.4431000000000003,128.15,7.7993000000000015,10.58,1.5668,1.8087,3.8,1.8582,2.2401,10.2269,8.4021,8.2444,1.10864
2002-06-30,37406.0,0.6825006825006825,2062.71,,6.9879000000000016,1.5599,2.0835,2.3476,123.09,7.7998,9.687999999999999,1.5348000000000002,1.7876,3.8,1.7694,2.0925,9.7236,7.933000000000002,7.9192,1.0653
2002-07-31,37438.0,0.6531678641410843,1957.8,,6.6318,1.4848,1.9774,2.2282,119.99,7.800000000000002,10.0201,1.5176,1.7684000000000002,3.8,1.7798,2.0563,9.2028,7.4967000000000015,7.5108000000000015,1.0110100000000002
2002-08-31,37467.0,0.6365777579731363,1963.76,,6.6527,1.4783000000000002,1.9836,2.2350000000000003,119.9,7.800000000000002,10.138,1.5722,1.7635,3.8,1.8347,2.1263,9.3889,7.5427,7.5369,1.01419
2002-09-30,37498.0,0.6459948320413437,1975.18,,6.691400000000002,1.5016,1.9951,2.248,118.68,7.800000000000002,10.5255,1.5588000000000002,1.7501,3.8,1.817,2.1367000000000003,9.3992,7.5446,7.5749,1.0200900000000002
2002-10-31,37529.0,0.637348629700446,1960.58,,6.6419000000000015,1.4748,1.9804,2.2316000000000003,121.59,7.7997,10.5465,1.5852000000000002,1.7826000000000002,3.8,1.8435,2.129,9.2816,7.411,7.5208,1.01255
2002-11-30,37559.0,0.6424257998201208,1968.55,,6.6696,1.4882,1.9886,2.2404,122.8,7.799600000000001,10.0945,1.5633,1.771,3.8,1.7997,2.0606,9.2377,7.532,7.5568,1.0166700000000002
2002-12-31,37589.0,0.6425083526085839,1948.94,,6.6025,1.4852,1.9686,2.2181,122.69,7.7986,9.26,1.5644,1.7663,3.8,1.7846000000000002,2.0068,9.0728,7.3359,7.475300000000002,1.00653
2003-01-31,37620.0,0.6231694397706736,1849.52,,6.2651,1.389,1.868,2.1048,118.47,7.799200000000001,8.663,1.578,1.7351,3.8,1.7741,1.904,8.7474,6.9519,7.0933,0.9551
2003-02-28,37651.0,0.6061708189367763,1795.17,,6.0815,1.3606,1.8131,2.0429,119.19,7.800000000000002,8.633000000000001,1.5304,1.7383000000000002,3.8,1.7040000000000002,1.8375,8.5111,6.8934000000000015,6.8917,0.92712
2003-03-31,37679.0,0.6331518298087881,1798.83,,6.093999999999999,1.3596,1.8171,2.0475000000000003,117.56,7.7989999999999995,8.003,1.4942,1.7353,3.8,1.6508,1.7765000000000002,8.4793,7.1884000000000015,6.9012,0.92902
2003-04-30,37711.0,0.6330716637123323,1776.23,,6.0174,1.3537,1.7941,2.0215,118.03,7.7994,7.896000000000001,1.4698,1.7645000000000002,3.8,1.6547,1.805,8.483500000000001,7.272,6.8134000000000015,0.9173399999999999
2003-05-31,37740.0,0.628140703517588,1755.62,,5.947500000000002,1.3665,1.7733,1.9981,120.07,7.799200000000001,7.165,1.4453,1.7776,3.8,1.6115000000000002,1.7950000000000002,8.273,7.0706000000000016,6.732,0.90669
2003-06-30,37771.0,0.6094216588457554,1644.95,,5.5726,1.3005,1.6617000000000002,1.8721,119.44,7.7987,8.021,1.3719,1.7345000000000002,3.8,1.5346,1.7367,7.7589000000000015,6.6907000000000005,6.308000000000002,0.8495400000000001
2003-07-31,37802.0,0.6047777441790142,1684.88,,5.7079,1.3523,1.7019000000000002,1.9176,119.98,7.7984,7.475,1.3538,1.7607000000000002,3.8,1.4904000000000002,1.7062000000000002,8.0014,7.2278,6.4658000000000015,0.87016
2003-08-31,37832.0,0.6181615874389566,1703.11,,5.7697,1.3632,1.7203000000000002,1.9385,120.39,7.799200000000001,7.3629999999999995,1.4016,1.7581,3.8,1.5299,1.7111,8.073400000000001,7.2144,6.5373,0.87965
2003-09-30,37865.0,0.6369426751592356,1765.06,,5.979500000000002,1.4011,1.7829000000000002,2.0088,116.56,7.7994,7.355,1.3807,1.754,3.8,1.5493,1.7316,8.3655,7.5323,6.7689,0.91157
2003-10-31,37893.0,0.601033778098329,1672.95,,5.6675,1.3319,1.6898000000000002,1.9042,111.09,7.7526,7.131,1.3529,1.7299,3.8,1.4794,1.6906,7.716900000000001,7.0113,6.4156,0.8640000000000001
2003-11-30,37924.0,0.5881660981061051,1658.19,,5.6175000000000015,1.3266,1.6748,1.8872,108.46,7.7626,6.8896000000000015,1.3078,1.7345000000000002,3.8,1.4135,1.6305,7.7321,7.0284,6.3666,0.8563799999999999
2003-12-31,37956.0,0.5812263876780006,1620.44,,5.4892,1.3003,1.6367,1.8441,109.6,7.7656,6.3868,1.3031,1.7236,3.8,1.3765,1.5545,7.5456,6.8316,6.2269000000000005,0.8368200000000001
2004-01-31,37985.0,0.5620819515485358,1545.92,,5.2376000000000005,1.2453,1.5616,1.7594,107.05,7.7647,6.5851000000000015,1.2993,1.7033,3.8,1.3359,1.5311,7.2608000000000015,6.7222,5.957000000000001,0.7984600000000001
2004-02-29,38016.0,0.5480052608505042,1553.12,,5.2615,1.2575,1.5688,1.7676,105.78,7.7787000000000015,7.046,1.3256,1.6934,3.8,1.3109,1.4896,7.4061,7.0175,5.9763,0.8021100000000001
2004-03-31,38047.0,0.5352459455119627,1555.99,,5.2716,1.2695,1.5717,1.771,108.94,7.784000000000002,6.593,1.3377,1.7017,3.8,1.2932,1.4488,7.4312,6.9725,5.9893,0.80366
2004-04-30,38076.0,0.5466273095003826,1585.68,,5.3718,1.278,1.6019,1.805,105.63,7.7963,6.3210000000000015,1.3069000000000002,1.6835,3.8,1.3249,1.5211,7.592300000000002,6.8997,6.0985000000000005,0.8190600000000001
2004-05-31,38106.0,0.5633485437440144,1622.07,,5.4951,1.2952,1.6384,1.8461,110.14,7.7999,6.8900000000000015,1.3694000000000002,1.7052,3.8,1.3919,1.6106,7.6549,6.8436,6.233700000000002,0.8377300000000001
2004-06-30,38138.0,0.5463585204611265,1585.55,,5.3714,1.2531,1.6015,1.8045,110.07,7.7933,6.518000000000002,1.3659999999999999,1.6973,3.8,1.401,1.5896,7.454700000000001,6.7259,6.0901000000000005,0.81886
2004-07-31,38167.0,0.5535872453498671,1598.9,,5.4167000000000005,1.2629,1.615,1.8197,108.25,7.799600000000001,6.2506,1.3469,1.7160000000000002,3.8,1.4469,1.5803,7.5331,6.9077,6.1374,0.82576
2004-08-31,38198.0,0.549782835779867,1610.34,,5.4554,1.2804,1.6264,1.8328,111.32,7.7999,6.2751,1.3282,1.7192,3.8,1.4234,1.5718,7.6785,7.005400000000002,6.1832,0.8316600000000001
2004-09-30,38229.0,0.5580357142857143,1609.8,,5.453600000000002,1.2825,1.626,1.8321,109.48,7.800000000000002,6.7613,1.3104,1.7121000000000002,3.8,1.4220000000000002,1.5272,7.5832000000000015,6.9473,6.1831000000000005,0.83125
2004-10-31,38259.0,0.5559879906594017,1571.9,,5.3256000000000006,1.2612,1.5877,1.789,110.95,7.7989000000000015,6.4363,1.2719,1.6911,3.8,1.3983,1.4941,7.3506,6.7846,6.0411,0.81188
2004-11-30,38292.0,0.545404963185165,1518.64,,5.1448,1.2019,1.5339,1.7284000000000002,106.51,7.7799,6.1076000000000015,1.2219,1.6679000000000002,3.8,1.3406,1.4613,7.0968,6.3858000000000015,5.83,0.78437
2004-12-31,38320.0,0.5277601857715853,1457.6,,4.9379,1.1402,1.4723000000000002,1.6589,102.61,7.7768000000000015,5.780200000000002,1.1852,1.6369,3.8,1.2736,1.3972,6.7024,6.1032,5.592700000000002,0.7528300000000001
2005-01-31,38351.0,0.5201560468140441,1421.22,,4.8147,1.134,1.4356,1.6175000000000002,103.08,7.7774,5.6626,1.2031,1.6375000000000002,3.8,1.2843,1.3931,6.6227,6.0608,5.4607,0.7339899999999999
2005-02-28,38383.0,0.531660375352225,1484.75,,5.0299000000000005,1.1886,1.4998,1.6898000000000002,103.61,7.7999,5.9511,1.2393,1.6382,3.8,1.2892,1.4069999999999998,6.9847,6.3610000000000015,5.7062,0.7668
2005-03-31,38411.0,0.5198585984612185,1461.0,,4.9495000000000005,1.16,1.4757,1.6628,104.42,7.7995,5.8173,1.2329999999999999,1.624,3.8,1.2621,1.3738,6.8327,6.2047,5.616700000000002,0.7545400000000001
2005-04-30,38441.0,0.5315190815350271,1496.0,,5.0680000000000005,1.1966,1.5112,1.7027,107.34,7.7997,6.3051,1.2173,1.6513,3.8,1.2966,1.4096,7.0583,6.3287,5.756,0.77261
2005-05-31,38471.0,0.5232314776056928,1499.24,,5.0790000000000015,1.1905,1.5144,1.7063,104.74,7.795800000000002,6.0726,1.2553,1.6357000000000002,3.8,1.2769,1.3633,7.1223,6.2829999999999995,5.7649,0.7742899999999999
2005-06-30,38502.0,0.5485764441274892,1539.89,,5.2167,1.2316,1.5555,1.7526000000000002,107.93,7.777500000000002,6.5771000000000015,1.2567000000000002,1.6599000000000002,3.8,1.3110000000000002,1.4,7.3139,6.3407,5.9205000000000005,0.7952800000000001
2005-07-31,38532.0,0.5537711817477018,1603.13,,5.431,1.2813,1.6193000000000002,1.8246,110.4,7.7706,6.6913,1.2266,1.6861000000000002,3.8,1.3131000000000002,1.4312,7.829700000000001,6.5457,6.1677,0.8279400000000001
2005-08-31,38565.0,0.5648760097158674,1586.72,,5.3754,1.2773,1.6027,1.8059,112.13,7.7726000000000015,6.5066000000000015,1.2135,1.6595,3.8,1.3124,1.4609,7.7067,6.434,6.1138,0.8194600000000001
2005-09-30,38594.0,0.5609154139555754,1589.06,,5.3837,1.2728000000000002,1.6052000000000002,1.8087,111.55,7.771400000000001,6.5461,1.1934,1.6861000000000002,3.77,1.3391,1.4535,7.6794,6.497400000000002,6.121,0.8207399999999999
2005-10-31,38624.0,0.5671506352087115,1610.2,,5.4549,1.2958,1.6264,1.8326,113.06,7.7595,6.3753,1.1722,1.6906,3.77,1.3169,1.4461000000000002,7.7642000000000015,6.5269,6.2056,0.8315899999999999
2005-11-30,38656.0,0.5653550429669832,1614.63,,5.4704000000000015,1.2898,1.6309,1.8378,116.39,7.7521,6.7121,1.1808,1.6953,3.7746,1.3389,1.4300000000000002,7.9517000000000015,6.4963000000000015,6.2236,0.8339500000000001
2005-12-31,38685.0,0.5819366852886406,1644.81,,5.5721,1.3146,1.6613,1.8718,119.51,7.7542,6.4941,1.1674,1.6929,3.7746,1.354,1.4251,8.0845,6.7391000000000005,6.3342,0.8494600000000001
2006-01-31,38716.0,0.5820044232336166,1636.33,,5.5434,1.3155,1.653,1.8623,118.01,7.7541,6.3413,1.165,1.6629,3.7796,1.3632,1.4633,7.9525000000000015,6.7532000000000005,6.3053,0.8450900000000001
2006-02-28,38747.0,0.5652911249293386,1601.67,,5.4261,1.2872,1.6178,1.8229,117.63,7.757700000000002,6.142600000000002,1.1452,1.6294000000000002,3.7489999999999997,1.3347,1.466,7.6429,6.7317,6.1743000000000015,0.8271900000000001
2006-03-31,38775.0,0.5747456750387954,1633.29,,5.5331,1.3213,1.6496000000000002,1.8587,116.08,7.7585000000000015,6.1816,1.1422,1.6216000000000002,3.734,1.3536,1.5138,7.9702,6.7753000000000005,6.2935,0.84352
2006-04-30,38806.0,0.5730987449137487,1595.08,,5.4037000000000015,1.2981,1.6112000000000002,1.8152,117.35,7.760000000000002,6.1903000000000015,1.1613,1.6181,3.7039999999999997,1.401,1.6393,7.747800000000002,6.5624,6.1475,0.8237800000000001
2006-05-31,38838.0,0.548757065247215,1533.55,,5.1949000000000005,1.2407,1.5490000000000002,1.7452,113.74,7.7532,6.0238000000000005,1.12,1.5809,3.675,1.3176,1.5713,7.359,6.1638,5.9083000000000006,0.7920100000000001
2006-06-30,38867.0,0.5311520688373081,1504.01,,5.093999999999999,1.2104,1.5192,1.7117,112.11,7.7578,6.5648,1.0988,1.5755,3.6206,1.3116,1.5666,7.1936,6.0749,5.7921000000000005,0.77675
2006-07-31,38897.0,0.5521201413427562,1543.7,,5.2296000000000005,1.2482,1.5593,1.7569,116.12,7.7678,7.2861,1.1151,1.5959999999999999,3.6886,1.3664,1.6769999999999998,7.3647,6.3101,5.9465,0.79725
2006-08-31,38929.0,0.5352459455119627,1516.74,,5.1383,1.2315,1.5319999999999998,1.7262000000000002,114.49,7.7706,6.9206,1.1314,1.5781,3.6706,1.3052,1.6215000000000002,7.216900000000001,6.1587000000000005,5.8457,0.78332
2006-09-30,38959.0,0.5252928507643011,1509.29,,5.1131,1.2288,1.5244,1.7176,117.16,7.7776,7.0808,1.1087,1.574,3.682,1.31,1.538,7.2142,6.3134000000000015,5.8143,0.7794200000000001
2006-10-31,38989.0,0.5342165713980448,1525.46,,5.1679,1.2497,1.5407000000000002,1.7361,118.07,7.7917,7.7563,1.1163,1.5857,3.6866,1.3389,1.5288000000000002,7.3158,6.5069,5.8752,0.78783
2006-11-30,39020.0,0.5255689283649551,1521.98,,5.1553,1.2485000000000002,1.5373,1.7322000000000002,117.43,7.7742,7.4941,1.1234,1.5615,3.696,1.3001,1.5042,7.2449,6.5663,5.858700000000002,0.7860300000000001
2006-12-31,39050.0,0.5128468126570593,1471.55,,4.9856,1.2093,1.4864000000000002,1.6748,116.22,7.7757,7.1381000000000006,1.1368,1.5448000000000002,3.6386,1.2754,1.4723000000000002,6.9096,6.2627000000000015,5.6653,0.7599800000000001
2007-01-31,39083.0,0.5106469897359955,1467.09,,4.9701,1.2193,1.4819,1.6697000000000002,119.03,7.779400000000001,7.039300000000001,1.1658,1.5345,3.5558,1.2688,1.4194,6.838500000000002,6.2365,5.6494,0.75768
2007-02-28,39112.0,0.509683995922528,1494.15,,5.0618,1.2525000000000002,1.5092,1.7005,121.64,7.8102,7.307600000000001,1.1806,1.5375,3.5146,1.2942,1.4505,6.9777000000000005,6.284000000000002,5.7521,0.77166
2007-03-31,39140.0,0.5084918132818061,1461.23,,4.9502000000000015,1.2191,1.476,1.663,118.57,7.8142,7.2151,1.1636,1.5258,3.495,1.2608,1.4198000000000002,6.9687,6.1086,5.6242,0.75465
2007-04-30,39171.0,0.5079752108097125,1447.57,,4.904,1.2119,1.4622000000000002,1.6477000000000002,117.49,7.8132,7.2926,1.152,1.5169,3.495,1.2336,1.3982,6.9843,6.0751,5.5714000000000015,0.74755
2007-05-31,39202.0,0.5,1417.68,,4.8027000000000015,1.2068,1.4320000000000002,1.6135000000000002,119.46,7.8218,7.0296,1.1076,1.5199,3.495,1.2021000000000002,1.3471,6.697100000000002,5.9457,5.4559000000000015,0.73216
2007-06-30,39232.0,0.5064573309698658,1442.99,,4.8884,1.2262,1.4576,1.6423,121.525,7.8031000000000015,7.1684,1.0752000000000002,1.5295,3.401,1.2172,1.3698,6.9378,6.0707,5.5513,0.74516
2007-07-31,39262.0,0.4981568197668626,1430.99,,4.8474,1.2219,1.4453,1.6286,123.28,7.8188,7.0508000000000015,1.0616,1.5302,3.3896,1.1762,1.2936,6.841900000000001,5.8899,5.4996,0.7389800000000001
2007-08-31,39293.0,0.49416880806483493,1415.61,,4.7957,1.2017,1.4299000000000002,1.6111,118.46,7.825,7.1466,1.0686,1.514,3.3896,1.1765,1.3123,6.7225,5.8462000000000005,5.4401,0.73109
2007-09-30,39324.0,0.4961301845604286,1418.61,,4.8059,1.2026,1.4329,1.6145,115.75,7.7987,7.1453000000000015,1.0563,1.5236,3.3896,1.2229999999999999,1.421,6.8806,5.8201,5.4562,0.73265
2007-10-31,39356.0,0.48938044435744343,1361.17,,4.6112,1.1693,1.3749,1.5492,115.89,7.7697,6.8661,0.9933,1.4759,3.3896,1.1201,1.308,6.4516,5.3679000000000014,5.2412,0.70298
2007-11-30,39385.0,0.4837929366231254,1341.93,,4.5461,1.1612,1.3555,1.5273,114.91,7.7504,6.5678,0.9533,1.4512,3.3896,1.0885,1.3053,6.3737,5.3468,5.1662,0.6930400000000001
2007-12-31,39415.0,0.48470747903640155,1311.21,,4.442,1.1176,1.3244,1.4923000000000002,109.83,7.7887,6.822500000000002,0.9965,1.4488,3.3680000000000003,1.1338,1.2975,6.352600000000002,5.4983,5.0498,0.67718
2008-01-31,39447.0,0.5042610054964449,1328.12,,4.4993,1.1343,1.3415,1.5116,111.77,7.7970000000000015,6.8615,0.9905,1.4381000000000002,3.3680000000000003,1.1406,1.306,6.474,5.442,5.1136,0.68591
2008-02-29,39477.0,0.5032965926820675,1309.7,,4.4369000000000005,1.0928,1.3229,1.4906,107.29,7.8028,7.309500000000001,0.9947,1.4192,3.2716000000000003,1.1239,1.2801,6.3739,5.4461,5.0412,0.6764
2008-03-31,39506.0,0.5020332346001305,1272.94,,4.3124,1.0501,1.2858,1.4488,105.36,7.7825000000000015,7.5575,0.9718,1.393,3.2230000000000003,1.0533,1.224,6.1574,5.1799,4.8997,0.65741
2008-04-30,39538.0,0.5039560550320012,1225.95,,4.1534,0.9923,1.2383,1.3953,99.73,7.7833,8.1365,1.0289,1.3798,3.2230000000000003,1.0958,1.2716,5.9417,5.0895,4.7216000000000005,0.6331500000000001
2008-05-31,39567.0,0.5066112771670297,1241.68,,4.2064,1.0344,1.2542,1.4132,103.52,7.7924000000000015,7.6035,1.0138,1.3613,3.1319999999999997,1.07,1.2891,6.0005000000000015,5.1346,4.7852000000000015,0.64122
2008-06-30,39598.0,0.5052546483427648,1245.35,,4.2189000000000005,1.0438,1.2579,1.4173,105.46,7.8046000000000015,7.6175000000000015,0.9942,1.3633,3.1319999999999997,1.0471,1.2765,6.004,5.094600000000002,4.7978000000000005,0.64312
2008-07-31,39629.0,0.502411575562701,1230.39,,4.1682000000000015,1.0212,1.2428,1.4003,106.24,7.7967,7.8085,1.018,1.3609,3.1319999999999997,1.0452,1.3137,6.0255,5.0914,4.7391000000000005,0.63544
2008-08-31,39659.0,0.5048975058063213,1243.43,,4.2124000000000015,1.0479,1.256,1.4152,108.18,7.8037,7.4075000000000015,1.0242,1.3682,3.1319999999999997,1.0605,1.3626,6.064100000000002,5.1525,4.792,0.64217
2008-09-30,39692.0,0.5551546105590407,1325.67,,4.4913,1.1021,1.3391,1.5089,108.14,7.8058,7.7595,1.0666,1.4238000000000002,3.1319999999999997,1.1779,1.4369999999999998,6.48,5.4540000000000015,5.1057000000000015,0.6846399999999999
2008-10-31,39720.0,0.5543544542380398,1345.0,,4.5565000000000015,1.0958,1.3586,1.5308000000000002,104.95,7.763800000000002,8.2405,1.0387,1.4297,3.4626,1.2309999999999999,1.4745,6.7834,5.7941,5.1818,0.6946300000000001
2008-11-30,39751.0,0.6118078923218109,1499.36,,5.0814,1.1416,1.5151,1.7064,98.18,7.751200000000001,10.0255,1.2195,1.4713,3.4978,1.4886,1.7024,7.6433,6.6463,5.7694,0.7746500000000001
2008-12-31,39783.0,0.6737182510274202,1532.34,,5.1903000000000015,1.2057,1.5475,1.7437,93.22,7.7513,10.3455,1.2381,1.5315,3.5340000000000003,1.5495,1.8688,8.283000000000001,7.1085,5.8945,0.7912500000000001
2009-01-31,39812.0,0.693721817551162,1372.36,,4.6492,1.0561,1.3861,1.5619,90.33,7.7501000000000015,9.3555,1.2226,1.4378,3.6396,1.4466,1.7334,7.7835,7.0112000000000005,5.2832,0.7087600000000001
2009-02-28,39843.0,0.6931928462498267,1512.94,,5.1255000000000015,1.1618000000000002,1.5282,1.7219,89.88,7.755000000000001,10.2155,1.2329999999999999,1.5106000000000002,3.6396,1.5724,1.9732,8.380600000000001,6.9214,5.8248000000000015,0.78137
2009-03-31,39871.0,0.6993496048674732,1527.03,,5.1731,1.1677,1.5424,1.7379,97.92,7.7552,10.0505,1.2679,1.5459,3.67,1.5546,1.9885,9.0114,7.0464,5.8756,0.78863
2009-04-30,39902.0,0.704721634954193,1471.77,,4.9863,1.1531,1.4866,1.6751,97.45,7.7502,9.7335,1.2602,1.5225,3.707,1.47,1.7784,8.328000000000001,6.7997000000000005,5.6616,0.7601000000000001
2009-05-31,39932.0,0.6763154335181929,1453.65,,4.9246,1.1322,1.4683000000000002,1.6544,96.97,7.7503,8.4886,1.2019,1.4817,3.707,1.3773,1.7391,8.0076,6.5501000000000005,5.5916000000000015,0.7508
2009-06-30,39965.0,0.6071276789508834,1364.1,,4.6212,1.068,1.3779,1.5525,96.38,7.7514,7.9655,1.0869,1.4419,3.707,1.2342,1.5347000000000002,7.394900000000002,6.1879,5.2453,0.7044699999999999
2009-07-31,39993.0,0.6037553583288051,1375.72,,4.6605,1.0841,1.3896000000000002,1.5657,95.98,7.7501000000000015,7.8126000000000015,1.1564,1.453,3.707,1.2388,1.5354,7.7111,6.4119,5.2906,0.7104699999999999
2009-08-31,40024.0,0.6067961165048544,1376.68,,4.6638,1.0897,1.3906,1.5668,95.87,7.7501000000000015,7.7961,1.0831,1.4426,3.707,1.2107,1.5323,7.4175,6.2285,5.2936000000000005,0.71103
2009-09-30,40056.0,0.6131207847946045,1350.74,,4.5759,1.0574,1.3644,1.5373,93.6,7.751,7.7716,1.0887,1.4403,3.707,1.1895,1.4605,7.0878000000000005,6.0095,5.1929,0.6975899999999999
2009-10-31,40085.0,0.6271951831409934,1330.21,,4.5064,1.0383,1.3437,1.5139,90.27,7.7502,7.4176,1.0873000000000002,1.4175,3.707,1.1483,1.3992,7.0245000000000015,5.8588000000000005,5.1139,0.6869900000000001
2009-11-30,40116.0,0.60779189205616,1313.38,,4.4493,1.0245,1.3266,1.4948,90.05,7.7502,7.856400000000002,1.0817,1.3999,3.707,1.1102,1.3922,7.0677,5.7136000000000005,5.0482000000000005,0.6783300000000001
2009-12-31,40147.0,0.6091989034419737,1291.1,,4.3739,1.005,1.3041,1.4694,86.22,7.7501000000000015,7.412400000000001,1.0569,1.3847,3.707,1.0937,1.3992,6.9909,5.6892000000000005,5.0626000000000015,0.6667900000000001
2010-01-31,40177.0,0.6218905472636815,1349.96,,4.5733000000000015,1.036,1.3636,1.5364,92.5,7.7548,7.3900000000000015,1.0544,1.4048,3.707,1.1174,1.3846,7.1581,5.7977,5.1879,0.69715
2010-02-28,40210.0,0.6278646323852577,1392.17,,4.7163,1.0583,1.4062,1.5844,90.74,7.7663,7.5310000000000015,1.0641,1.4117000000000002,3.707,1.1257,1.414,7.275200000000001,5.8787,5.3537,0.7190000000000001
2010-03-31,40238.0,0.667244945619537,1432.36,,4.8524,1.0826,1.4468,1.6302,89.27,7.7652,7.6301,1.0428,1.4061,3.707,1.1109,1.4298,7.2011,5.9504,5.5064,0.7396900000000001
2010-04-30,40267.0,0.6629541235746487,1442.32,,4.8862000000000005,1.0663,1.4569,1.6415000000000002,92.82,7.7645,7.3806,1.0186,1.3993,3.707,1.0877,1.4086,7.2747,5.9887000000000015,5.5471,0.7449800000000001
2010-05-31,40297.0,0.6522306287503261,1461.3,,4.9505,1.0821,1.4761,1.6631,94.13,7.7652,7.360600000000002,1.0055,1.3684,3.707,1.0775,1.3818,7.2511,5.9154,5.6175000000000015,0.7547699999999999
2010-06-30,40329.0,0.690512360171247,1566.93,,5.3083,1.1539,1.5827,1.7833,90.83,7.7867000000000015,7.5677,1.0490000000000002,1.4049,3.707,1.1794,1.4734,7.8052,6.444800000000001,6.021,0.8091900000000001
2010-07-31,40358.0,0.6630860022544924,1587.84,,5.3792,1.0829,1.6039,1.8071,88.46000000000002,7.7839,7.666600000000002,1.0519,1.4012,3.707,1.1724,1.4401000000000002,7.801900000000002,6.4927,6.1086,0.8200700000000001
2010-08-31,40389.0,0.6368209896198178,1482.99,,5.0239,1.0407,1.4980000000000002,1.6878000000000002,86.38,7.767200000000001,7.3013,1.0284,1.3603,3.707,1.1065,1.3793,7.205,6.0576,5.7063000000000015,0.7658100000000001
2010-09-30,40420.0,0.6445375443119561,1518.61,,5.1446000000000005,1.0276,1.534,1.7283000000000002,85.32000000000002,7.7789,7.3167,1.0545,1.3531,3.707,1.1146,1.4047,7.3508,6.2461,5.8421,0.7844300000000001
2010-10-31,40450.0,0.6327111673521038,1421.22,,4.8147,0.976,1.4356,1.6175000000000002,83.60000000000002,7.7575,6.968800000000001,1.0306,1.3152,3.707,1.0298,1.355,6.7216000000000005,5.8389999999999995,5.4695,0.7339899999999999
2010-11-30,40483.0,0.62375249500998,1393.72,,4.7215,0.9934,1.4078000000000002,1.5862,80.67,7.7519,6.9816,1.0151,1.2921,3.707,1.0139,1.3048,6.695,5.8661,5.3679000000000014,0.7198300000000001
2010-12-31,40511.0,0.6428801028608164,1477.95,,5.0069,1.0015,1.4929,1.6821000000000002,84.32000000000002,7.766,7.1648000000000005,1.0214,1.3223,3.707,1.0417,1.3417,7.0122,6.199400000000002,5.6902,0.7634700000000001
2011-01-31,40542.0,0.6504911207962011,1459.94,,4.9459,0.9377,1.4747,1.6616000000000002,81.76,7.7812,6.6640000000000015,1.0009,1.2891,3.707,0.9878,1.3012,6.7621,5.9063,5.6211,0.75397
2011-02-28,40574.0,0.6234802668495542,1413.47,,4.7884,0.9411,1.4278,1.6087,81.99,7.793900000000002,7.1771,1.0017,1.2793,3.707,1.0015,1.2928000000000002,6.4393,5.7819,5.4416,0.72992
2011-03-31,40602.0,0.6151574803149605,1403.21,,4.7537,0.9297,1.4174,1.597,81.92,7.7885,6.9552000000000005,0.9729,1.2715,3.707,0.9815,1.3278,6.336,5.6081,5.4028,0.7245800000000001
2011-04-30,40632.0,0.6224712107065048,1369.91,,4.6409,0.9187,1.3837000000000002,1.5591000000000002,82.86,7.7847,6.8026,0.9709,1.2615,3.707,0.9676,1.3104,6.3196,5.5737000000000005,5.276000000000002,0.7074100000000001
2011-05-31,40662.0,0.5986590038314176,1307.56,,4.4296000000000015,0.8653000000000001,1.3208,1.4881,81.56,7.7697,6.6183000000000005,0.9501,1.2288,3.707,0.9179,1.2491,6.0164,5.2502,5.0369,0.6752600000000001
2011-06-30,40693.0,0.6063178318074335,1355.97,,4.5936,0.8528,1.3697,1.5432,80.85000000000002,7.7843,6.9191,0.977,1.2362,3.707,0.9337,1.2219,6.2360000000000015,5.4328,5.2216000000000005,0.7002700000000001
2011-07-31,40723.0,0.6226650062266501,1342.61,,4.5484,0.8357,1.3562,1.528,80.89,7.7833,6.835800000000001,0.9704,1.2333,3.707,0.9379,1.2162,6.3603000000000005,5.3873000000000015,5.1727,0.69342
2011-08-31,40756.0,0.6148548942449582,1362.55,,4.6159,0.7812,1.3763,1.5507,76.9,7.7904,6.7357000000000005,0.9587,1.2053,3.707,0.9144,1.1434,6.3473000000000015,5.4074,5.2435,0.70372
2011-09-30,40785.0,0.6143260842855388,1342.02,,4.5464,0.8166,1.3556,1.5274,76.73,7.7938,7.090000000000002,0.9798,1.2063,3.707,0.9357,1.1725,6.3574,5.3690000000000015,5.1639,0.6929900000000001
2011-10-31,40815.0,0.6384065372829417,1421.84,,4.8168000000000015,0.8958,1.4362,1.6182,76.73,7.7904,7.9093,1.0333,1.2926,3.707,1.0191,1.287,6.7841000000000005,5.7843,5.4637,0.73426
2011-11-30,40847.0,0.6200396825396826,1390.4,,4.7103,0.8735,1.4044,1.5824,78.0,7.7678,7.8883,0.9967,1.2538,3.707,0.9449,1.2333,6.4813,5.5283000000000015,5.3429,0.7180200000000001
2011-12-31,40876.0,0.64,1450.28,,4.9131,0.9192,1.4649,1.6505,77.87,7.7902,8.3457,1.0295,1.2944,3.707,0.9971,1.3109,6.8802,5.8396,5.57,0.7490000000000001
2012-01-31,40907.0,0.6439979392065944,1492.65,,5.0567,0.9374,1.5077,1.6988,76.98,7.7665000000000015,8.0749,1.0166,1.2964,3.707,0.9756,1.2822,6.8782000000000005,5.9721,5.7308,0.7709400000000001
2012-02-29,40938.0,0.6374298827129016,1475.02,,4.997,0.9176,1.4899,1.6787,76.3,7.755800000000002,7.8421,1.0034,1.257,3.707,0.9439,1.2189,6.7561,5.8261,5.6622,0.76161
2012-03-31,40967.0,0.6297625795075257,1439.39,,4.8763000000000005,0.8962,1.4539,1.6382,80.42,7.7552,7.5357,0.9961,1.2523,3.707,0.9294,1.1944,6.5558000000000005,5.5625,5.5277,0.7433200000000001
2012-04-30,40998.0,0.6252344629235963,1451.04,,4.9157,0.9021,1.4657,1.6514,82.4,7.7642000000000015,7.6524,0.9988,1.2569,3.707,0.9641,1.2191,6.6165,5.6942,5.5764000000000005,0.7493900000000001
2012-05-31,41029.0,0.616180910715386,1463.54,,4.9581,0.9079999999999999,1.4783000000000002,1.6656,79.81,7.7582,7.769500000000002,0.9881,1.2371,3.707,0.9596,1.2228,6.727200000000002,5.7284000000000015,5.6233,0.7557900000000001
2012-06-30,41059.0,0.6441638752898737,1561.76,,5.2908,0.9688,1.5775,1.7775,78.95,7.7642000000000015,8.518600000000001,1.0291,1.2887,3.707,1.0277,1.3247,7.2457,6.0747,5.9937000000000005,0.8065100000000001
2012-07-31,41089.0,0.6378364587319811,1529.92,,5.183,0.9491,1.5453,1.7412,79.81,7.7575,8.1843,1.0194,1.2679,3.707,0.9777,1.2486000000000002,6.9198,5.9637,5.875,0.7901300000000001
2012-08-31,41120.0,0.637267397399949,1579.85,,5.3521,0.98,1.5958,1.7981,78.23,7.7555,8.218,1.003,1.2472,3.707,0.9538,1.2376,6.7909000000000015,6.0489000000000015,6.0696,0.8159200000000001
2012-09-30,41151.0,0.6334325711028062,1549.01,,5.2476,0.9606,1.5646,1.763,78.57000000000002,7.7563,8.4801,0.9928,1.2539,3.707,0.9719,1.2534,6.6937000000000015,5.8227,5.9605000000000015,0.7999900000000001
2012-10-31,41183.0,0.6196554715578139,1501.1,,5.0853,0.9378,1.5162,1.7084,78.05,7.7541,8.372,0.983,1.2286,3.707,0.9642,1.2066,6.5817000000000005,5.731800000000002,5.780200000000002,0.7751899999999999
2012-11-30,41212.0,0.6220839813374806,1493.69,,5.0602,0.9321,1.5087000000000002,1.7000000000000002,79.63,7.7501000000000015,8.6419,1.0003,1.2194,3.707,0.9647,1.2188,6.638,5.7367,5.7548,0.7714200000000001
2012-12-31,41242.0,0.6235191420376606,1492.77,,5.0571,0.9281,1.5078,1.6989,82.08,7.75,8.7834,0.9928,1.2209,3.707,0.9586,1.2165,6.671200000000002,5.6875,5.7522,0.7709999999999999
2013-01-31,41274.0,0.6147792942333702,1465.87,,4.9659,0.9141,1.4807,1.6683,86.59,7.750800000000001,8.4868,0.9942,1.2215,3.707,0.9619,1.2106,6.5004,5.5538,5.6488000000000005,0.7571100000000001
2013-02-28,41304.0,0.6333122229259024,1426.98,,4.8342,0.9115,1.4414,1.624,91.08,7.7585000000000015,9.0479,1.0022,1.235,3.707,0.9592,1.2029,6.3533,5.4865,5.4983,0.73697
2013-03-31,41332.0,0.6605892456070815,1477.39,,5.005,0.9317,1.4923000000000002,1.6814,91.87,7.7574,8.860000000000003,1.0246,1.2376,3.707,0.98,1.2141,6.447100000000002,5.7051,5.69,0.763
2013-04-30,41365.0,0.6590654451987082,1511.29,,5.1199,0.9494,1.5265,1.72,94.06,7.7627000000000015,9.2216,1.0167000000000002,1.2397,3.707,0.9607,1.1964,6.516100000000002,5.843,5.8195000000000014,0.78051
2013-05-31,41393.0,0.6456611570247933,1479.65,,5.0126,0.9383,1.4946000000000002,1.6840000000000002,98.12,7.761100000000001,8.989600000000003,1.0135,1.2342,3.707,0.9667,1.1676,6.5528,5.8309000000000015,5.6984,0.7642300000000001
2013-06-30,41424.0,0.6575918984678109,1484.18,,5.0280000000000005,0.9552,1.4992,1.6891,101.0,7.7637,10.0305,1.0313,1.26,3.707,1.035,1.2383,6.5648,5.8289,5.7139999999999995,0.76651
2013-07-31,41456.0,0.6564695069914002,1483.05,,5.0242,0.9459,1.4980000000000002,1.6878000000000002,99.68,7.7556,9.9025,1.0497,1.264,3.707,1.0815,1.2777,6.6602000000000015,6.0779000000000005,5.7129,0.7659199999999999
2013-08-31,41485.0,0.6560818790185015,1460.34,,4.9472000000000005,0.9301,1.4751,1.662,98.09,7.755000000000001,9.8105,1.0296,1.2709,3.707,1.1043,1.2551,6.5498,5.936,5.622999999999999,0.7542500000000001
2013-09-30,41516.0,0.6461617989144481,1466.2,,4.9671,0.9308,1.4809999999999999,1.6687,98.23,7.7549,10.2555,1.0525,1.2753,3.707,1.1234,1.2932,6.6321,6.1263000000000005,5.6489,0.7572800000000001
2013-10-31,41547.0,0.6177796997590659,1430.46,,4.846,0.9039,1.4449,1.628,98.26,7.755400000000002,10.0465,1.0292,1.2549,3.707,1.0708,1.2014,6.415,6.0136,5.5111,0.73887
2013-11-30,41577.0,0.6225874735400323,1406.66,,4.7654000000000005,0.8965000000000001,1.4209,1.6009,98.19,7.7536,9.8645,1.0469,1.2371,3.707,1.054,1.2135,6.3811,5.8867,5.4188,0.7264700000000001
2013-12-31,41607.0,0.6109481915933529,1422.79,,4.82,0.9044,1.4371,1.6193000000000002,102.44,7.7528000000000015,10.1835,1.0608,1.2547,3.707,1.0962,1.2265,6.5442,6.1176,5.4813,0.7348
2014-01-31,41638.0,0.6054001695120474,1402.28,,4.7505000000000015,0.887,1.4164,1.5959,105.06,7.7549,10.43,1.0645,1.2672,3.707,1.1213,1.2178,6.421,6.0724,5.4026000000000005,0.72421
2014-02-28,41669.0,0.6064649160046092,1428.45,,4.8392,0.9037,1.4429,1.6257,102.76,7.7666,11.177,1.1165,1.2749,3.707,1.1404,1.2301,6.5236,6.2453,5.5056,0.7377300000000001
2014-03-31,41697.0,0.5992688919518188,1411.68,,4.7824,0.8875000000000001,1.4259000000000002,1.6066,102.08,7.761100000000001,10.745999999999999,1.1137,1.264,3.707,1.1154,1.1925,6.5181,6.0423,5.441,0.7290700000000001
2014-04-30,41729.0,0.5996641880546894,1405.33,,4.7609,0.884,1.4195,1.5994000000000002,103.08,7.7571,10.5235,1.1042,1.2579,3.707,1.0782,1.1524,6.4758,5.9867,5.4189,0.7257899999999999
2014-05-31,41758.0,0.5942829975634397,1401.88,,4.7492,0.8841,1.416,1.5955,102.59,7.7533,10.555,1.0959,1.2556,3.707,1.0795,1.1696,6.5651,6.0055000000000005,5.4041000000000015,0.7240000000000001
2014-06-30,41789.0,0.5965875193890944,1419.76,,4.8098,0.8947,1.4341000000000002,1.6158,101.8,7.7528000000000015,10.575,1.0855,1.2542,3.707,1.0821,1.1782,6.6899000000000015,5.9823,5.4721,0.7332400000000001
2014-07-31,41820.0,0.5846927439630474,1414.57,,4.7922,0.887,1.4289,1.6099,101.3,7.7503,10.6285,1.0674,1.2468,3.707,1.0614,1.1433,6.689,6.1323,5.4468000000000005,0.7305600000000001
2014-08-31,41850.0,0.5917860101787193,1447.24,,4.9029,0.9099,1.4618,1.6471,102.91,7.75,10.6905,1.0912,1.2456,3.707,1.0737,1.1808,6.8900000000000015,6.2655,5.5731,0.74743
2014-09-30,41883.0,0.6017209218364522,1473.9,,4.9932,0.9189,1.4888,1.6774,104.26,7.7501000000000015,10.6745,1.0864,1.2496,3.707,1.0702,1.1925,6.991300000000002,6.1888000000000005,5.6705000000000005,0.7612000000000001
2014-10-31,41911.0,0.6149683291310497,1524.74,,5.1654,0.9502,1.5401,1.7353,109.365,7.7664,11.27,1.115,1.2734,3.707,1.1448,1.2851,7.2437,6.4411000000000005,5.8611,0.7874500000000001
2014-11-30,41942.0,0.6247657128576783,1538.43,,5.2118,0.9562,1.5539,1.7509,109.295,7.7556,10.870999999999999,1.1191,1.2775,3.707,1.1331,1.2753,7.346500000000002,6.7063000000000015,5.9038,0.7930100000000001
2014-12-31,41974.0,0.6352836541515786,1550.38,,5.2522,0.9631,1.5659999999999998,1.7645000000000002,118.195,7.7544,11.0075,1.134,1.3052,3.707,1.1736,1.2656,7.4226,6.9336,5.9579,0.8007000000000001
2015-01-31,42003.0,0.6425083526085839,1591.67,,5.3922,0.9886,1.6077,1.8115,119.355,7.7576,11.5766,1.1605,1.3210000000000002,3.707,1.2207,1.2754,7.7426,7.461,6.1216,0.8220200000000001
2015-02-28,42034.0,0.6652032195835827,1713.51,,5.8049,0.9204,1.7308,1.9501,117.485,7.7528000000000015,11.647,1.2715,1.3537,3.707,1.2872,1.3794,8.2784,7.7468,6.5861,0.8849500000000001
2015-03-31,42062.0,0.6477522995206633,1729.74,,5.8599000000000006,0.9515,1.7472,1.9686,119.745,7.7557,11.679,1.2504,1.3615000000000002,3.707,1.2804,1.3230000000000002,8.3576,7.6659000000000015,6.6674000000000015,0.8932500000000001
2015-04-30,42093.0,0.6754931099702782,1789.2,,6.0613,0.9678,1.8072,2.0363,120.095,7.7552,12.1515,1.2697,1.3755000000000002,3.707,1.3084,1.3311000000000002,8.6051,8.027800000000001,6.9026000000000005,0.92404
2015-05-31,42123.0,0.6460783046905285,1733.46,,5.8724,0.9369,1.751,1.9728,118.715,7.7506,11.7185,1.1958,1.3159,3.707,1.2407,1.2929000000000002,8.3237,7.474900000000001,6.6794,0.89517
2015-06-30,42156.0,0.6586747464102226,1774.76,,6.0124,0.9475,1.7927000000000002,2.0199000000000003,124.825,7.7568,12.265999999999998,1.2554,1.3558,3.707,1.3153,1.4099000000000002,8.5784,7.9678,6.8376,0.91658
2015-07-31,42184.0,0.6340349987319299,1731.13,,5.8646,0.9273,1.7486000000000002,1.9702,122.465,7.7529,12.2835,1.2397,1.3476,3.707,1.3029000000000002,1.4605,8.2479,7.8859,6.6711,0.8940500000000001
2015-08-31,42215.0,0.6416426050689766,1773.79,,6.0091,0.9701,1.7917,2.0188,124.415,7.7525,12.7425,1.3031,1.3753,3.707,1.3744,1.5179,8.6356,8.1602,6.8346,0.91608
2015-09-30,42247.0,0.6506180871828238,1734.85,,5.8772,0.9626,1.7524000000000002,1.9744,121.415,7.75,13.3055,1.3244,1.4084,3.707,1.3992,1.5511,8.476600000000001,8.2832,6.6817,0.8952500000000001
2015-10-31,42276.0,0.660022440762986,1722.81,,5.8364,0.9713,1.7402000000000002,1.9607,119.845,7.7504,13.9588,1.341,1.4275,3.707,1.4272,1.5698,8.3877,8.4753,6.638,0.88975
2015-11-30,42307.0,0.6473329880890729,1756.25,,5.9497,0.9869,1.774,1.9988,120.695,7.7504,13.8128,1.3070000000000002,1.4004,3.707,1.4004,1.4754,8.511800000000001,8.4814,6.7674,0.9086
2015-12-31,42338.0,0.664672648720505,1832.89,,6.209300000000002,1.0278,1.8514,2.0861,123.205,7.7528000000000015,14.4897,1.3338,1.4101,3.707,1.3825,1.5202,8.7323,8.6869,7.0632,0.94678
2016-01-31,42368.0,0.6743543057522422,1774.6,,6.011900000000002,0.99,1.7925,2.0197000000000003,120.595,7.750800000000001,15.5751,1.3887,1.4154,3.707,1.3730000000000002,1.4635,8.4318,8.8149,6.840000000000002,0.91675
2016-02-29,42401.0,0.6954102920723226,1776.29,,6.017600000000002,1.0194,1.7942,2.0216000000000003,121.012,7.7762,15.963500000000002,1.4011,1.4241,3.707,1.4128,1.5375,8.5342,8.7132,6.8466000000000005,0.91741
2016-03-31,42429.0,0.7184940364994971,1781.77,,6.0362,0.9973,1.7997,2.0278,112.88,7.7759,15.7827,1.3527,1.4059,3.707,1.3986,1.5157,8.5688,8.6986,6.8637000000000015,0.92019
2016-04-30,42459.0,0.6953619358876294,1709.86,,5.7926,0.9637,1.7271,1.946,112.59299999999999,7.753500000000002,14.9333,1.2959,1.3512,3.707,1.3042,1.4466,8.1605,8.3186,6.580500000000002,0.8830600000000001
2016-05-31,42489.0,0.6839945280437757,1692.54,,5.7339,0.9597,1.7096,1.9263,106.92200000000001,7.757700000000002,14.2478,1.2553,1.3461,3.707,1.3149,1.4337,8.0372,8.0761,6.5065,0.8741200000000001
2016-06-30,42520.0,0.6835737234260715,1739.29,,5.8922,0.9923,1.7568,1.9795,109.896,7.7664,15.6554,1.3007,1.375,3.707,1.3891,1.4878,8.3283,8.325700000000001,6.6796000000000015,0.8982600000000001
2016-07-31,42550.0,0.7411250277921885,1743.82,,5.9076,0.9799,1.7614,1.9846,102.74799999999999,7.7587,14.8592,1.2977,1.3478,3.707,1.3455,1.4058000000000002,8.472999999999999,8.3871,6.699000000000002,0.9006000000000001
2016-08-31,42583.0,0.7572315614114796,1733.42,,5.8723,0.9674,1.7509,1.9728,102.207,7.7609,13.9218,1.3099,1.3405,3.707,1.3222,1.3905,8.576600000000001,8.4834,6.66,0.8952300000000001
2016-09-30,42612.0,0.7644091117566121,1737.05,,5.884600000000002,0.9831,1.7546000000000002,1.9769,103.06200000000001,7.7578,14.5049,1.3077,1.364,3.707,1.3308,1.3847,8.5477,8.340200000000001,6.6776,0.8971000000000001
2016-10-31,42642.0,0.7696451935657662,1722.15,,5.8342,0.9655,1.7395,1.96,101.461,7.7555,13.866,1.3090000000000002,1.3616,3.707,1.3013,1.3714000000000002,8.5447,8.0073,6.628900000000002,0.88946
2016-11-30,42674.0,0.8185985592665357,1766.43,,5.9842,0.9898,1.7842,2.0104,104.972,7.755400000000002,13.4992,1.3409,1.3921,3.707,1.3145,1.3984,9.0261,8.264000000000001,6.785500000000001,0.9122399999999999
2016-12-31,42703.0,0.8,1821.75,,6.1716000000000015,1.013,1.8401,2.0734,112.575,7.7562000000000015,13.8715,1.3426,1.425,3.707,1.3377,1.4038000000000002,9.1902,8.5395,7.0,0.94085
2017-01-31,42734.0,0.8104384471999352,1837.4,,6.2246000000000015,1.0179,1.8559,2.0912,116.851,7.7541,13.722999999999999,1.3436,1.4475,3.707,1.3848,1.4389,9.0938,8.6274,7.0551,0.94885
2017-02-28,42765.0,0.8009611533840608,1810.14,,6.1322,0.9957,1.8284,2.0601000000000003,113.641,7.7579,13.5114,1.3085,1.4204,3.707,1.3227,1.3716000000000002,8.8267,8.3099,6.952800000000001,0.93485
2017-03-31,42793.0,0.8023750300890636,1824.08,,6.1795,1.0059,1.8425,2.076,112.195,7.761500000000002,12.9452,1.3101,1.4011,3.707,1.3004,1.3855000000000002,9.0251,8.347800000000001,7.0021,0.94207
2017-04-30,42824.0,0.8005764150188135,1805.53,,6.1166,0.9976,1.8237,2.0549,111.335,7.7708,12.8395,1.329,1.3947,3.707,1.3047,1.4253,8.9135,8.546000000000001,6.9351,0.93248
2017-05-31,42856.0,0.7722604062089735,1777.17,,6.0206,0.9937,1.7951,2.0226,111.481,7.7783000000000015,13.3427,1.3667,1.3972,3.707,1.3377,1.4579,8.861,8.5771,6.8267000000000015,0.9178
2017-06-30,42885.0,0.7788768595685022,1733.05,,5.8711,0.9753,1.7505000000000002,1.9724,110.801,7.793500000000001,13.1413,1.3466,1.3847,3.707,1.3401,1.4098000000000002,8.734200000000001,8.437100000000001,6.6582,0.8950400000000001
2017-07-31,42915.0,0.769941484447182,1694.61,,5.7409,0.9568,1.7117,1.9286,112.20299999999999,7.8044,13.0464,1.3022,1.3802,3.707,1.3035,1.3719999999999999,8.4864,8.4024,6.5081000000000016,0.8752000000000001
2017-08-31,42947.0,0.7582650894752806,1638.93,,5.5522,0.9662,1.6555,1.8653,110.40700000000001,7.8108,13.2348,1.2495,1.3564,3.707,1.253,1.3344,8.0877,7.8954,6.2952,0.84652
2017-09-30,42977.0,0.7731560228854182,1624.14,,5.5021,0.9586,1.6405,1.8485,110.198,7.8247,12.9858,1.2612,1.3565,3.707,1.265,1.3873,7.9674,7.7905000000000015,6.239800000000002,0.8387000000000001
2017-10-31,43007.0,0.7468259895444361,1640.68,,5.5582,0.9695,1.6572,1.8673,112.676,7.811400000000001,13.5287,1.2509,1.3576,3.707,1.2758,1.3846,8.169,7.9699,6.3056,0.8473299999999999
2017-11-30,43038.0,0.7572315614114796,1664.6,,5.6392000000000015,0.9953,1.6814,1.8945,113.216,7.7999,14.0643,1.2829000000000002,1.3614000000000002,3.707,1.3028,1.4554,8.3666,8.1564,6.3964,0.8596600000000001
2017-12-31,43068.0,0.7439369141496801,1631.88,,5.5283000000000015,0.9839,1.6483,1.8573,111.771,7.8089,13.6297,1.2856,1.3466,3.707,1.3207,1.4499,8.3559,8.2438,6.2728,0.84277
2018-01-31,43101.0,0.7387706855791962,1610.27,,5.4552000000000005,0.9742,1.6265,1.8327,112.601,7.8128,12.3659,1.252,1.3362,3.707,1.2798,1.4087,8.1769,8.1762,6.1909,0.8316300000000001
2018-02-28,43130.0,0.7070635650144949,1560.84,,5.2877,0.9347,1.5766,1.7764,108.811,7.8203,11.9718,1.2329999999999999,1.3113,3.707,1.2373,1.3633,7.8805,7.7099,5.9995,0.8061
2018-03-31,43158.0,0.7185456635769202,1582.29,,5.3604,0.9393,1.5982,1.8008000000000002,107.371,7.8268,11.7145,1.2746,1.3228,3.707,1.2811,1.3808,8.2222,7.8681,6.0849,0.8172100000000001
2018-04-30,43189.0,0.71285999429712,1574.93,,5.3354,0.9564,1.5908,1.7925,106.315,7.8482,11.8227,1.2893,1.3107,3.707,1.3027,1.3846,8.3519,7.8452,6.0633,0.8133400000000001
2018-05-31,43220.0,0.7265857734505557,1601.16,,5.4243000000000015,0.9899,1.6173000000000002,1.8223,109.154,7.8483,12.453,1.2811,1.3239,3.707,1.3245,1.4185,8.7513,8.0144,6.1618,0.82696
2018-06-30,43250.0,0.7529553497477599,1661.09,,5.6273,0.9888,1.6779000000000002,1.8905,108.97399999999999,7.8477000000000015,12.5318,1.285,1.3389,3.707,1.3206,1.4306,8.8139,8.184000000000001,6.3862000000000005,0.8578899999999999
2018-07-31,43280.0,0.7578628268283442,1658.3,,5.6179000000000014,0.992,1.675,1.8873,110.766,7.8464,13.7326,1.3142,1.3628,3.707,1.3525,1.4774,8.958400000000003,8.1537,6.3811,0.8564400000000001
2018-08-31,43311.0,0.7613247049866769,1653.18,,5.6005,0.9886,1.6699000000000002,1.8815,111.00299999999999,7.8482,13.165,1.3016,1.3607,3.707,1.3502,1.4646,8.756,8.141,6.3596,0.8537800000000001
2018-09-30,43342.0,0.7692899453804138,1661.42,,5.6284,0.9711,1.6782,1.8909,111.249,7.8494,14.7157,1.2982,1.3674000000000002,,1.3765,1.5058,9.1279,8.3473,6.3975,0.8580300000000001
2018-10-31,43374.0,0.7670476336580501,1673.61,,5.6698,0.9845,1.6905,1.9048,113.979,7.8264,14.2095,1.2796,1.3716000000000002,,1.3846,1.5116,8.9539,8.16,6.4447,0.8643500000000001
2018-11-30,43403.0,0.7870297497245397,1705.59,,5.7781,1.0049,1.7228,1.9412,112.803,7.8458,14.6502,1.3143,1.3847,,1.4083,1.5259,9.1662,8.413,6.5727,0.88085
2018-12-31,43433.0,0.7824113919098662,1701.83,,5.7653,0.997,1.719,1.9369,113.441,7.8228,13.6771,1.3283,1.3715000000000002,,1.3684,1.4594,9.0698,8.5405,6.5589,0.87855
2019-01-31,43465.0,0.7838833581563063,1690.46,,5.7268,0.983,1.7075,1.9239,109.681,7.8306,14.3887,1.3644,1.3625,,1.4194,1.4906,8.8802,8.6625,6.5181,0.8730500000000001
2019-02-28,43495.0,0.7654623392529087,1695.83,,5.745,0.9987,1.713,1.9301,109.575,7.8448,13.5825,1.3193,1.3515,,1.39,1.463,9.0928,8.4769,6.5381,0.87585
2019-03-31,43523.0,0.7511454968827462,1703.05,,5.7695,1.0003,1.7203000000000002,1.9383,110.93700000000001,7.8494,13.9182,1.3147,1.3492,,1.4017000000000002,1.4619,9.2675,8.5454,6.5626000000000015,0.87955
2019-04-30,43556.0,0.7620208793720947,1727.89,,5.8536,0.9991,1.7453,1.9665,111.405,7.8498,14.208,1.3322,1.355,,1.4063,1.4692,9.2901,8.5944,6.662000000000001,0.8923500000000001
2019-05-31,43584.0,0.7729767334003246,1731.56,,5.8661,1.0195,1.7491,1.9707,111.801,7.8436,14.2997,1.3443,1.3614000000000002,,1.4165,1.4997,9.5109,8.6602,6.6768,0.8943500000000001
2019-06-30,43615.0,0.792832791564259,1738.56,,5.8898,1.0077,1.7561,1.9787,109.695,7.8481,14.6907,1.3497,1.3786,,1.4461000000000002,1.5359,9.5288,8.7588,6.7053,0.8978900000000001
2019-07-31,43647.0,0.7914523149980214,1714.7,,5.8089,0.9874,1.732,1.9515,108.48299999999999,7.8135,14.168,1.3139,1.3568,,1.4373,1.4993,9.351,8.5835,6.6093,0.8855700000000001
2019-08-31,43676.0,0.821962847279303,1736.44,,5.8826,0.9907,1.754,1.9763,108.631,7.8243,14.2157,1.3172,1.3711,,1.4549,1.5124,9.5652,8.752500000000001,6.697100000000002,0.8968
2019-09-30,43707.0,0.821962847279303,1762.44,,5.9707,0.9903,1.7802,2.0059,106.37,7.8414,15.1957,1.3301,1.3885,,1.4866,1.5889,9.8202,9.1141,6.7865,0.91022
2019-10-31,43738.0,0.8136696501220504,1775.6,,6.0153,0.9978,1.7935,2.0208,108.13799999999999,7.8392,15.1651,1.324,1.3829,,1.4817,1.5972000000000002,9.8313,9.0866,6.8469000000000015,0.91702
2019-11-30,43768.0,0.7770611547128758,1741.17,,5.8986,0.9908,1.7588,1.9817,108.883,7.8399,14.982999999999999,1.3176,1.3627,,1.4548,1.5723,9.7024,9.215,6.7185000000000015,0.8992399999999999
2019-12-31,43798.0,0.7728572532653218,1757.24,,5.9531,1.0001,1.775,2.0,109.469,7.8271000000000015,14.6405,1.3291000000000002,1.3674000000000002,,1.4791,1.5581,9.572,9.217,6.7809,0.90754
2020-01-31,43829.0,0.7608034083992696,1726.52,,5.849,0.9677,1.744,1.965,108.866,7.7858,14.0634,1.3059,1.3483,,1.4279000000000002,1.4849,9.3172,8.7863,6.6602000000000015,0.8916700000000001
2020-02-29,43860.0,0.7633005114113426,1755.17,,5.9461,0.9691,1.7729,1.9976,108.719,7.767200000000001,14.834,1.3219,1.3629,,1.4899,1.5415,9.6391,9.2099,6.774,0.90647
2020-03-31,43889.0,0.7832693663350825,1760.07,,5.9626,0.9676,1.7778,2.0032,108.147,7.7934,15.6885,1.341,1.3943,,1.541,1.6045,9.6863,9.4503,6.792999999999999,0.909
2020-04-30,43920.0,0.8071676487206394,1756.83,,5.9517000000000015,0.9601,1.7746000000000002,1.9995,107.921,7.7534,17.9568,1.4144,1.4243,,1.6224,1.6643,10.0482,10.5868,6.7764000000000015,0.90733
2020-05-31,43950.0,0.8035355564483727,1782.97,,6.0402000000000005,0.9757,1.8010000000000002,2.0292,106.67299999999999,7.7505000000000015,18.2442,1.3925,1.4124,,1.5293,1.6362,9.8612,10.3484,6.8683000000000005,0.9208299999999999
2020-06-30,43983.0,0.8016674683341349,1739.64,,5.8934000000000015,0.9612,1.7572,1.9799,107.603,7.751600000000002,17.4297,1.3598,1.408,,1.4732,1.5907,9.3771,9.6185,6.6986,0.8984500000000001
2020-07-31,44011.0,0.8145312372729494,1725.38,,5.8451,0.9523,1.7428,1.9637,107.814,7.7505000000000015,17.3331,1.3684,1.3949,,1.4599,1.5610000000000002,9.336,9.7084,6.6409,0.8910800000000001
2020-08-31,44042.0,0.7650524060898171,1638.68,,5.5514,0.9106,1.6552,1.865,104.895,7.7501000000000015,16.813000000000002,1.3424,1.374,,1.3968,1.5022,8.7222,9.0966,6.2995,0.8463100000000001
2020-09-30,44074.0,0.7474958887726117,1621.02,,5.4916,0.9028,1.6374000000000002,1.8449,105.819,7.7503,16.928800000000006,1.3042,1.3596,,1.3532,1.4813,8.6315,8.719000000000001,6.2307000000000015,0.8371799999999999
2020-10-31,44103.0,0.7785130400934216,1650.12,,5.5902,0.9199,1.6668,1.878,105.664,7.75,16.9163,1.3405,1.3695000000000002,,1.4047,1.5183,8.982000000000003,9.4524,6.3449,0.8522200000000001
2020-11-30,44134.0,0.7720219254226821,1663.01,,5.6338,0.9166,1.6798000000000002,1.8927,104.57,7.7544,16.248,1.3318,1.3659,,1.4233,1.5108,8.897,9.5427,6.3934000000000015,0.85887
2020-12-31,44165.0,0.748671108781912,1619.74,,5.4873,0.9056,1.6361,1.8435,104.288,7.7524000000000015,15.439900000000002,1.2976,1.3392000000000002,,1.3593000000000002,1.4229,8.5451,8.867700000000003,6.2263,0.8365300000000001
2021-01-31,44195.0,0.7352941176470588,1577.1,,5.3428,0.8835000000000001,1.5930000000000002,1.7949000000000002,103.346,7.7522,14.6219,1.2767000000000002,1.324,,1.3026,1.3885,8.2051,8.5629,6.0594,0.8145000000000001
2021-02-28,44228.0,0.7312079555425564,1604.24,,5.4347,0.8963000000000001,1.6204,1.8258,104.973,7.752700000000001,15.0435,1.2826,1.3327,,1.3114,1.3958000000000002,8.4234,8.5908,6.1618,0.82852
2021-03-31,44256.0,0.7170514842965725,1606.41,,5.4421,0.9139,1.6226,1.8283,106.729,7.7566000000000015,14.9644,1.2659,1.3282,,1.2852,1.375,8.4341,8.550600000000001,6.1691,0.8296399999999999
2021-04-30,44285.0,0.7289692374981777,1652.25,,5.5974,0.9422,1.6689,1.8805,110.256,7.7755,14.9051,1.2638,1.3481,,1.3171000000000002,1.4332,8.7325,8.5532,6.3459,0.8533200000000001
2021-05-31,44315.0,0.7171029042667623,1598.0,,5.4136000000000015,0.9093,1.6141,1.8187,108.882,7.7629,14.3255,1.2292,1.3264,,1.2885,1.3828,8.387,8.2158,6.1368,0.8253
2021-06-30,44347.0,0.7038783698176955,1583.39,,5.3641000000000005,0.8987,1.5994000000000002,1.8021,109.475,7.7613,13.7444,1.2069,1.3212000000000002,,1.2924,1.3735000000000002,8.2887,8.3109,6.0817000000000005,0.81776
2021-07-31,44376.0,0.7223867658744492,1627.72,,5.5143,0.9212,1.6442,1.8525,110.53,7.7639,14.3615,1.2395,1.3455,,1.3316,1.4308,8.528500000000001,8.566,6.2511,0.8406500000000001
2021-08-31,44407.0,0.7193727069994965,1632.59,,5.5308,0.9064,1.6491,1.8581,109.79299999999999,7.772900000000001,14.6209,1.2477,1.3544,,1.3621,1.4342,8.6042,8.8268,6.2722000000000016,0.84316
