Date,Name,US $ TO UK Â£ 1M FWD (BBI) - EXCHANGE RATE,ITL.LIRA TO US $ 1M FWD (BBI) DISC - EXCHANGE RATE,BELGIAN FR.TO US $ 1MF FN(BBI) DISC - EXCHANGE RATE,FRENCH FR. TO US $ 1M FWD(BBI) DISC - EXCHANGE RATE,CHF TO US$ 1M FWD (BBI) DISC - EXCHANGE RATE,GERMAN MARK TO US $ 1M FWD(BBI) DISC - EXCHANGE RATE,NETH. GUILDER TO US $ 1MFWD(BBI)DISC - EXCHANGE RATE,JPY TO US$ 1M FWD (BBI) DISC - EXCHANGE RATE,HONG KONG $ TO US $ 1M FWD (BBI) - EXCHANGE RATE,SOUTH AFRICA RAND TO US $ 1M FWD(BBI) - EXCHANGE RATE,CANADIAN $ TO US $ 1M FWD (BBI) - EXCHANGE RATE,SINGAPORE $ TO US $ 1M FWD (BBI) - EXCHANGE RATE,MALAYSIAN RGT. TO US $ 1M (BBI)DISC' - EXCHANGE RATE,AUD$ TO US$ 1M FWD (BBI) DISC - EXCHANGE RATE,NZD TO US$ 1M FWD (BBI) DISC - EXCHANGE RATE,SEK TO US$ 1M FWD (BBI) DISC - EXCHANGE RATE,NOK TO US$ 1M FWD (BBI) DISC - EXCHANGE RATE,DKK TO US $ 1M FWD (BBI) DISC - EXCHANGE RATE,EURO TO US $ 1M FWD (BBI) - EXCHANGE RATE
1983-10-31,30600.0,0.6610696106299992,,52.63,7.9477,2.0883000000000003,2.5740000000000003,2.8882000000000003,231.69,8.945,1.12,,,,,,,,,
1983-11-30,30620.0,0.6692096633875393,,53.48,8.0197,2.1306000000000003,2.6203000000000003,2.938,233.31,7.802,1.1800000000000002,,,,,,,,,
1983-12-31,30649.0,0.6839945280437757,,55.1,8.2677,2.1684,2.7055,3.0344,233.9,7.8235,1.21,,,,,,,,,
1984-01-31,30680.0,0.6885629690835228,,55.63,8.333,2.1672,2.7119,3.0503,230.865,7.81,1.23,,,,,,,,,
1984-02-29,30711.0,0.7104290991759022,,57.5,8.6155,2.2276,2.8028,3.1535,233.895,7.7805,1.28,,,,,,,,,
1984-03-31,30740.0,0.6690753378830455,1618.4,53.52,8.0562,2.1503,2.5912,2.9298,232.525,7.7575,1.21,,,,,,,,,
1984-04-30,30771.0,0.6919936336585704,1619.51,53.1,7.9925000000000015,2.1396,2.5789999999999997,2.9142,223.585,7.795000000000001,1.24,,,,,,,,,
1984-05-31,30802.0,0.7149495960534782,1683.75,55.45,8.349,2.2314000000000003,2.7071,3.0482,225.89,7.8207,1.26,,,,,,,,,
1984-06-30,30832.0,0.7202535292422932,1699.21,55.91,8.4115,2.2472000000000003,2.7209000000000003,3.0695,230.545,7.827999999999999,1.29,,,,,,,,,
1984-07-31,30862.0,0.735348187366718,1717.0,56.65,8.536,2.3152,2.7662,3.1189999999999998,236.255,7.8315,1.36,,,,,,,,,
1984-08-31,30893.0,0.7651109410864575,1788.91,58.56,8.883000000000003,2.4485,2.8783000000000003,3.2547,244.455,7.8835000000000015,1.64,,,,,,,,,
1984-09-30,30924.0,0.7622532205198567,1791.75,58.14,8.847999999999999,2.3865000000000003,2.8672,3.2379,240.125,7.8505,1.57,,,,,,,,,
1984-10-31,30956.0,0.8067118425298483,1895.46,61.88,9.365,2.5026,3.0355000000000003,3.4240000000000004,245.275,7.808000000000002,1.7000000000000002,,,,,,,,,
1984-11-30,30985.0,0.8239268352970256,1895.4,61.97,9.4205,2.4977,3.0322,3.4378,245.645,7.814500000000002,1.94,,,,,,,,,
1984-12-31,31015.0,0.8322929671244278,1905.45,62.07,9.436,2.521,3.0722,3.4536,245.465,7.8232,1.87,1.3237,2.169,2.4205,1.1951,2.0713,8.868500000000003,8.986500000000003,11.118,
1985-01-31,31047.0,0.8648274669203493,1936.18,63.34,9.6545,2.6010000000000004,3.1468000000000003,3.5460000000000003,250.625,7.8165,2.01,1.3219,2.1743,2.435,1.214,2.1084,8.995000000000003,9.128,11.29,
1985-02-28,31077.0,0.8884940026654821,1955.45,63.41,9.692,2.6689999999999996,3.1629,3.5775,254.105,7.7942,2.0,1.3279,2.2029,2.4957000000000003,1.2293,2.1445000000000003,9.09,9.2035,11.3435,
1985-03-31,31105.0,0.9220839096357768,2070.28,66.95,10.2,2.8218,3.3191,3.7583,258.365,7.792999999999999,2.0500000000000003,1.3853,2.2408,2.5635000000000003,1.394,2.3015000000000003,9.4425,9.575,11.9475,
1985-04-30,31138.0,0.8214901831923108,2000.25,62.78,9.4855,2.6296,3.1137,3.5088000000000004,251.805,7.788200000000002,1.97,1.3689,2.2155,2.5355000000000003,1.4829,2.1955,9.011,8.984,11.1725,
1985-05-31,31166.0,0.8157937673356176,1991.5,62.63,9.5265,2.6060000000000003,3.1072,3.5124,252.12,7.774,1.97,1.3699,2.217,2.487,1.537,2.225,9.066,9.013,11.272,
1985-06-30,31197.0,0.7881462799495587,1975.05,62.03,9.3988,2.5902000000000003,3.0746,3.4702,251.25,7.766,2.02,1.38,2.2162,2.476,1.5142,2.2558,8.97,8.89,11.089,
1985-07-31,31229.0,0.7690532953933708,1942.75,60.98,9.267999999999999,2.5327,3.0357000000000003,3.4092,247.465,7.745500000000002,1.97,1.359,2.222,2.4952,1.507,2.0779,8.8125,8.7635,10.88,
1985-08-31,31258.0,0.7054176072234764,1891.5,56.86,8.589,2.2838000000000003,2.8057000000000003,3.16,236.41,7.7225,2.0700000000000003,1.3516,2.1866000000000003,2.4582,1.3951,1.924,8.342500000000001,8.2455,10.11,
1985-09-30,31289.0,0.7205649228995533,1882.5,56.95,8.597999999999999,2.302,2.8049,3.1484,238.605,7.7887,2.79,1.3666,2.2535000000000003,2.4825,1.4364,1.8868,8.3625,8.265,10.1895,
1985-10-31,31320.0,0.7124536905101169,1816.95,54.21,8.1835,2.1875,2.6707,3.014,215.775,7.7405,2.56,1.3715000000000002,2.138,2.4457,1.4338,1.8657,8.0905,8.0025,9.725,
1985-11-30,31350.0,0.6958458005705935,1772.0,52.95,7.981000000000001,2.134,2.6142000000000003,2.9445,210.87,7.772,2.56,1.3666,2.1267,2.4437,1.4321000000000002,1.7603,7.91,7.8825,9.484,
1985-12-31,31380.0,0.674900452183303,1723.5,50.96,7.6775,2.0706,2.5041,2.8196000000000003,202.06,7.787000000000001,2.69,1.3791,2.089,2.4212,1.4704000000000002,1.7613,7.6645,7.5950000000000015,9.1075,
1986-01-31,31411.0,0.6958942240779402,1695.0,50.46,7.585,2.0687,2.46,2.7752000000000003,201.215,7.7970000000000015,2.6300000000000003,1.4004,2.1042,2.4375,1.4788,2.017,7.6425,7.6225,8.988999999999999,
1986-02-28,31442.0,0.7147451933385748,1648.5,49.04,7.3450000000000015,2.0212,2.3727,2.6959,193.675,7.7955,2.29,1.4201,2.1395,2.4805,1.4121,1.885,7.557,7.493200000000001,8.810500000000003,
1986-03-31,31470.0,0.6785641582411617,1527.0,45.53,6.8925,1.8682,2.2148000000000003,2.5081,179.915,7.792000000000002,1.99,1.4153,2.15,2.488,1.4446,1.9436,7.1720000000000015,6.9835,8.203000000000001,
1986-04-30,31502.0,0.6769564040075818,1595.75,47.92,7.205,1.9468,2.3176,2.6174,179.115,7.815200000000001,2.0900000000000003,1.4015,2.1699,2.583,1.4141,1.8975,7.3665,7.277500000000002,8.588700000000001,
1986-05-31,31531.0,0.6477522995206633,1499.75,44.34,6.928999999999999,1.8137,2.1651,2.4498,167.555,7.7890000000000015,2.06,1.3829,2.1897,2.6275,1.365,1.7361,7.0385,6.941000000000002,8.041,
1986-06-30,31562.0,0.6809206046574969,1597.25,47.47,7.3952,1.9255,2.3201,2.6094,174.055,7.8045,2.35,1.3809,2.237,2.6545,1.4078000000000002,1.7873,7.4005,7.866,8.595500000000001,
1986-07-31,31593.0,0.654407434068451,1515.75,45.41,7.0079,1.7921,2.1934,2.4737,163.385,7.8075,2.47,1.3881,2.1855,2.6347,1.4952,1.8307,7.136,7.555700000000001,8.1575,
1986-08-31,31623.0,0.6735821096591675,1457.25,44.12,6.855,1.6917,2.1111,2.3786,155.515,7.807200000000001,2.62,1.3859,2.1762,2.6435,1.6491,1.9387,7.021,7.4945,7.966900000000001,
1986-09-30,31656.0,0.673536741429245,1404.0,42.47,6.6437,1.6309,2.0194,2.2811,153.74,7.7927,2.5,1.3891,2.1424000000000003,2.6375,1.6578000000000002,2.0747,6.8925,7.3275000000000015,7.6915,
1986-10-31,31684.0,0.6999370056694897,1407.25,42.49,6.6462,1.639,2.0172,2.2876000000000003,153.505,7.7957,2.22,1.3905,2.1670000000000003,2.6460000000000004,1.6086,2.0471,6.9300000000000015,7.4220000000000015,7.672999999999999,
1986-11-30,31715.0,0.7185972980741592,1424.0,42.79,6.7062,1.6981000000000002,2.0493,2.3193,161.605,7.7867000000000015,2.28,1.3906,2.185,2.6325000000000003,1.57,1.9901,7.0245000000000015,7.5445,7.7475,
1986-12-31,31747.0,0.6984703499336453,1369.5,41.09,6.4445000000000014,1.6335000000000002,1.9619,2.2218,161.985,7.7725,2.21,1.3855000000000002,2.1863,2.5985,1.5515,2.0346,6.8755000000000015,7.5375,7.4315000000000015,
1987-01-31,31776.0,0.6835737234260715,1361.0,41.02,6.468999999999999,1.6225,1.9432,2.2005,159.605,7.771000000000001,2.21,1.3848,2.174,2.597,1.5149,1.935,6.8295,7.4825,7.3980000000000015,
1987-02-28,31807.0,0.6632179334129195,1307.0,38.75,6.1240000000000006,1.5395,1.8292,2.059,153.48,7.737500000000002,2.0900000000000003,1.3430000000000002,2.1363000000000003,2.5315000000000003,1.5238,1.8730000000000002,6.5600000000000005,7.082999999999999,6.9625,
1987-03-31,31835.0,0.6506180871828238,1304.5,38.23,6.1002,1.5371,1.8257,2.0648,152.99,7.7805,2.08,1.3336,2.1322,2.51,1.4902,1.818,6.4945,7.045,6.926,
1987-04-30,31866.0,0.622897720194344,1290.35,37.59,6.0143,1.5012,1.8003,2.0324,145.95000000000005,7.7857,2.01,1.3079,2.13,2.5050000000000003,1.4311,1.7944,6.3425,6.8515000000000015,6.8425,
1987-05-31,31896.0,0.6038647342995169,1285.1,37.45,5.9844,1.4688,1.7891,2.0212,139.925,7.792999999999999,2.01,1.337,2.1249,2.472,1.4246,1.7391,6.2895,6.7589999999999995,6.7795000000000005,
1987-06-30,31929.0,0.6167129201356768,1327.0,38.09,6.1215,1.5171,1.8298,2.0639000000000003,145.015,7.801,2.04,1.3388,2.1207000000000003,2.5,1.4062,1.7452,6.3833,6.824000000000002,6.9045000000000005,
1987-07-31,31957.0,0.6259389083625438,1329.5,38.0,6.1137000000000015,1.517,1.8235,2.0559000000000003,146.285,7.803999999999999,2.0500000000000003,1.3354,2.1171,2.5135,1.3943,1.7078,6.394500000000002,6.747999999999999,6.945,
1987-08-31,31988.0,0.6283380458686774,1348.7,38.58,6.1764,1.5344,1.8519999999999999,2.0868,149.29500000000004,7.803,2.08,1.3349,2.1091,2.539,1.4394,1.79,6.479,6.8229999999999995,7.051,
1987-09-30,32020.0,0.6140620202640467,1320.0,37.85,6.0618,1.4864000000000002,1.806,2.037,141.82,7.8035,2.04,1.3214,2.1017,2.5082,1.4131,1.668,6.3905,6.7125,6.9910000000000005,
1987-10-31,32049.0,0.6156498183833036,1329.15,38.27,6.1187000000000005,1.5235,1.834,2.0649,145.725,7.791,2.08,1.3117,2.0900000000000003,2.517,1.3955,1.5576,6.44,6.7382,7.0615000000000006,
1987-11-30,32080.0,0.5819705522900541,1280.5,36.28,5.8792,1.4246,1.7243000000000002,1.9392,137.92000000000002,7.7932000000000015,2.01,1.3164,2.0655,2.5069999999999997,1.4996,1.7065,6.205,6.597,6.691000000000002,
1987-12-31,32111.0,0.5461198186882202,1211.3,34.38,5.5667,1.3363,1.6286,1.8332,131.705,7.727,1.95,1.3079,2.0172,2.4755000000000003,1.4217,1.5552,5.9525000000000015,6.4262000000000015,6.327999999999999,
1988-01-31,32141.0,0.5387060281204546,1180.75,33.55,5.4105,1.2845,1.5888,1.7899,123.055,7.712999999999999,1.93,1.3065,1.9869999999999999,2.4815,1.3925,1.5279,5.8395,6.3137,6.1575000000000015,
1988-02-29,32174.0,0.5697681043815167,1249.35,35.35,5.705500000000002,1.3747,1.6864,1.8949,129.035,7.776000000000002,2.0,1.277,2.0178000000000003,2.5517000000000003,1.4137000000000002,1.5163,6.0772,6.4355,6.4860000000000015,
1988-03-31,32202.0,0.5649717514124294,1248.45,35.33,5.7217,1.385,1.6827,1.8899,128.005,7.7765,2.0900000000000003,1.2635,2.0069,2.5757000000000003,1.3965,1.5174,6.004,6.3927000000000005,6.4639999999999995,
1988-04-30,32232.0,0.5336748852598997,1237.0,35.08,5.6495000000000015,1.368,1.6572,1.8641,124.735,7.785,2.13,1.2387,2.0003,2.5577,1.3582,1.5498,5.9190000000000005,6.3142000000000005,6.41,
1988-05-31,32262.0,0.532509718302359,1247.8,35.14,5.6979999999999995,1.3876000000000002,1.6693,1.8730000000000002,124.595,7.8025,2.16,1.2315,1.9985,2.5662000000000003,1.3242,1.4981,5.888999999999999,6.203200000000002,6.467700000000002,
1988-06-30,32293.0,0.5388511693070375,1275.0,35.91000000000001,5.7745000000000015,1.4303,1.7102000000000002,1.9156,124.505,7.8108,2.24,1.2416,2.0123,2.5780000000000003,1.2444,1.4440000000000002,5.952999999999999,6.2392,6.54,
1988-07-31,32323.0,0.5872335427799635,1358.0,38.37,6.1575000000000015,1.5091,1.8242,2.0577,133.285,7.800000000000002,2.33,1.2188,2.0404,2.6027,1.2775,1.5106000000000002,6.287000000000001,6.6427000000000005,6.9435,
1988-08-31,32356.0,0.5850690381465012,1384.55,39.76,6.3222000000000005,1.5558,1.8698,2.1107,132.255,7.806,2.46,1.2087,2.0378000000000003,2.6295,1.2498,1.5179,6.4435,6.8277,7.1245,
1988-09-30,32385.0,0.5935774915415207,1390.1,39.8,6.3395,1.5688,1.8589,2.1023,134.025,7.803,2.44,1.24,2.0345,2.6585,1.2482,1.6621,6.468999999999999,6.9247000000000005,7.1905,
1988-10-31,32415.0,0.5959830740806961,1405.5,39.82,6.3997,1.5866,1.8768,2.1169,133.925,7.808000000000002,2.49,1.2189,2.0359000000000003,2.6647000000000003,1.2811,1.6309,6.4575000000000005,6.9637,7.2145,
1988-11-30,32447.0,0.56657223796034,1322.5,37.46,6.0652,1.4903000000000002,1.7729,2.001,124.88,7.807600000000001,2.49,1.2217,1.9922,2.6618,1.224,1.6033000000000002,6.1728000000000005,6.6320000000000014,6.840000000000002,
1988-12-31,32476.0,0.5422405379026136,1279.5,36.45,5.8915000000000015,1.4401000000000002,1.7199,1.9396,120.865,7.799200000000001,2.3232,1.1961000000000002,1.9331,2.6577,1.1445,1.5353,6.0162,6.497999999999999,6.651000000000002,
1989-01-31,32507.0,0.5551854319342661,1307.8,37.2,6.0565000000000015,1.4964000000000002,1.7695,1.9980000000000002,124.585,7.805700000000001,2.3897,1.1932,1.9373,2.6990000000000003,1.1756,1.5927,6.1292,6.5812,6.8525,
1989-02-28,32538.0,0.5693139766581269,1362.15,39.13,6.3178,1.5759999999999998,1.855,2.0945,128.905,7.8035,2.4042000000000003,1.1835,1.926,2.7298,1.1393,1.6517000000000002,6.3370000000000015,6.7372000000000005,7.225,
1989-03-31,32566.0,0.574481530418797,1341.25,38.24,6.1822,1.5488000000000002,1.8114,2.0460000000000003,125.94,7.802,2.4907,1.2054,1.9195,2.7255000000000003,1.2595,1.6112000000000002,6.2822000000000005,6.6862,7.0777,
1989-04-30,32597.0,0.594601022713759,1387.85,39.68,6.3826,1.6461,1.8862,2.1262000000000003,131.96,7.791200000000001,2.5667,1.1956,1.9527,2.752,1.2269,1.6309,6.445200000000002,6.8732000000000015,7.3412000000000015,
1989-05-31,32629.0,0.5935774915415207,1377.55,39.42,6.3477000000000015,1.6687,1.8736,2.1133,132.24,7.7853,2.5692,1.1896,1.9432,2.6860000000000004,1.266,1.6301,6.3879,6.836200000000002,7.3112,
1989-06-30,32658.0,0.6443298969072165,1457.95,42.22,6.8082,1.7555,2.006,2.2638000000000003,142.925,7.7815,2.8037,1.2133,1.9535,2.7085000000000004,1.3502,1.7207,6.7664,7.2429000000000014,7.8337,
1989-07-31,32688.0,0.6462453147214682,1416.75,40.86,6.6065000000000005,1.6742,1.9517,2.1929000000000003,142.915,7.7993000000000015,2.7797,1.1979,1.9525,2.6950000000000003,1.3307,1.7411,6.628900000000002,7.1009,7.555700000000001,
1989-08-31,32720.0,0.6025911419102139,1346.05,39.11,6.3242,1.6076,1.8671,2.1039,136.55,7.8075,2.6652,1.1851,1.9449,2.655,1.3351,1.7160000000000002,6.3997,6.8657,7.2650000000000015,
1989-09-30,32750.0,0.6344775077723495,1396.4,40.64,6.5158000000000005,1.6722,1.9417,2.1843,143.13,7.8102,2.7667,1.1792,1.958,2.6889999999999996,1.3137,1.6979000000000002,6.5819,7.078200000000002,7.5307,
1989-10-31,32780.0,0.6214267959234402,1367.3,39.37,6.3530000000000015,1.62,1.8704,2.1121000000000003,138.92000000000002,7.8018,2.7071,1.1815,1.9547,2.6845000000000003,1.3007,1.6984,6.4293000000000005,6.9172,7.2892,
1989-11-30,32811.0,0.6372267890142101,1352.65,38.64,6.241700000000002,1.6066,1.8359,2.0728,141.56,7.8056,2.6527000000000003,1.1784,1.9503,2.6894,1.2863,1.7066,6.4136000000000015,6.8932,7.167999999999999,
1989-12-31,32841.0,0.6418897233455292,1318.75,37.49,6.0873,1.5867,1.7813,2.0102,142.47,7.8119,2.6218,1.1695,1.9472,2.6945,1.2911,1.7049,6.393000000000002,6.8252000000000015,6.9322,
1990-01-31,32874.0,0.6235969069593416,1273.5,36.54,5.8007,1.5422,1.6914,1.9095,143.42000000000004,7.8050000000000015,2.5705,1.162,1.8969999999999998,2.6919999999999997,1.276,1.6880000000000002,6.2170000000000005,6.617000000000001,6.602,
1990-02-28,32903.0,0.5959475566150179,1248.6,36.54,5.7231000000000005,1.4822,1.6719000000000002,1.885,143.18,7.8123,2.5647,1.1947,1.8664,2.6928,1.3137,1.6838000000000002,6.1850000000000005,6.4857000000000005,6.487,
1990-03-31,32931.0,0.5945656697782269,1250.0,36.54,5.7128000000000005,1.4854,1.6832,1.8989,148.56,7.8106,2.5705,1.199,1.8635,2.7002,1.3238,1.7082000000000002,6.138999999999999,6.5187,6.5032000000000005,
1990-04-30,32962.0,0.6107243190423842,1249.75,36.54,5.7029000000000005,1.4969999999999999,1.6866,1.9064,158.08,7.8135,2.6647000000000003,1.1756,1.8835,2.7232000000000003,1.3319999999999999,1.7325000000000002,6.1512,6.5837,6.4765000000000015,
1990-05-31,32993.0,0.6144770800049157,1233.0,36.54,5.6382,1.4529,1.6779000000000002,1.8888,158.92000000000004,7.8006,2.6797,1.169,1.8733,2.7132,1.3407,1.746,6.1184,6.5467,6.3985,
1990-06-30,33023.0,0.5931549913992525,1237.5,36.54,5.6669,1.4217,1.6812,1.8892,151.17000000000004,7.7857,2.6752,1.1847,1.8512,2.6988000000000003,1.3030000000000002,1.7478,6.0985000000000005,6.4782,6.4153,
1990-07-31,33053.0,0.5758710048949035,1225.25,36.54,5.5928,1.4174,1.6643,1.8742,151.85,7.7875,2.674,1.1705,1.8392,2.7085000000000004,1.2687000000000002,1.7059,6.0502,6.4162,6.349,
1990-08-31,33084.0,0.5460601758313767,1181.55,36.54,5.399,1.3656,1.6108,1.8159,148.265,7.767600000000002,2.6197,1.1575,1.8129,2.7014,1.27,1.6992,5.8937,6.2217,6.1450000000000005,
1990-09-30,33115.0,0.5233410090014653,1162.35,36.54,5.2595,1.2950000000000002,1.5668,1.7665000000000002,144.26,7.7617,2.5767,1.1491,1.7658,2.6879,1.2275,1.6292,5.7754,6.0637,6.007999999999999,
1990-10-31,33147.0,0.5324246619103397,1163.85,36.54,5.205,1.288,1.5508000000000002,1.7492,136.99,7.7594,2.5862000000000003,1.1558000000000002,1.7591,2.6979,1.205,1.6213000000000002,5.7437000000000005,6.0332,5.9287,
1990-11-30,33176.0,0.5159958720330238,1138.15,36.54,5.0851000000000015,1.2867,1.5201,1.7115,129.255,7.7871000000000015,2.5624,1.1708,1.7082000000000002,2.7025,1.2832,1.6372,5.692,5.947500000000002,5.8370000000000015,
1990-12-31,33206.0,0.5106469897359955,1122.9,36.54,5.0313,1.2683,1.4887,1.6781,133.63,7.7922,2.522,1.1689,1.7092,2.6945,1.2997,1.6461,5.6039,5.8182,5.7155000000000005,
1991-01-31,33238.0,0.5213492518638236,1132.7,36.54,5.1077,1.2801,1.5004000000000002,1.6923,135.745,7.801,2.5827,1.1634,1.7325000000000002,2.694,1.3017,1.7087,5.655,5.899,5.817,
1991-02-28,33268.0,0.513373376456697,1125.3,36.54,5.0793,1.2677,1.4963,1.6883,131.81,7.7921,2.5677000000000003,1.1626,1.7304000000000002,2.7015,1.2786,1.6725,5.6005,5.8657,5.779,
1991-03-31,33296.0,0.5245764045533232,1141.5,36.54,5.1835,1.3184,1.526,1.7177,132.31,7.792999999999999,2.5892,1.1542,1.7245,2.7177,1.2805,1.6764,5.6774,5.983700000000002,5.8610000000000015,
1991-04-30,33329.0,0.5792064871126557,1275.15,36.54,5.7996,1.4580000000000002,1.7116,1.9284,141.55,7.7997,2.7539,1.1619000000000002,1.7919999999999998,2.7755,1.2962,1.7106,6.194,6.6675,6.572500000000002,
1991-05-31,33357.0,0.6002761270184285,1310.35,36.54,5.9798,1.494,1.7737,1.9952,138.26,7.7961,2.8417000000000003,1.1568,1.7802,2.7681,1.2901,1.7164,6.328200000000002,6.92,6.7970000000000015,
1991-06-30,33388.0,0.5855486590935707,1281.75,36.54,5.8459,1.4669,1.7222000000000002,1.9386,138.065,7.7485,2.8372,1.1509,1.764,2.7622,1.3263,1.7209,6.1822,6.7155000000000005,6.617000000000001,
1991-07-31,33420.0,0.6218132073125233,1359.45,36.54,6.1854000000000005,1.5651000000000002,1.8265,2.0526,138.54,7.774,2.9202000000000004,1.1454,1.7694,2.7945,1.3109,1.7498,6.5807,7.1065000000000005,7.0405000000000015,
1991-08-31,33449.0,0.5973002030820691,1313.8,36.54,5.9643000000000015,1.5299,1.7534,1.9771,138.07,7.7555,2.8967,1.154,1.7480000000000002,2.7925,1.2868000000000002,1.7536,6.378500000000002,6.8695,6.7995,
1991-09-30,33480.0,0.5983366241847663,1312.8,36.54,5.9698,1.5316,1.7536,1.9758,137.155,7.7587,2.8962000000000003,1.1443,1.7232,2.7945,1.2787000000000002,1.7455,6.3652000000000015,6.8515000000000015,6.7645,
1991-10-31,33511.0,0.5735589331803843,1251.5,36.54,5.7027,1.4544,1.6666,1.8805,133.075,7.7349,2.8292,1.1351,1.6852,2.7430000000000003,1.2552,1.7652,6.0962000000000005,6.5335,6.437,
1991-11-30,33541.0,0.5772672169947468,1256.45,36.54,5.7556,1.474,1.6772,1.8992,131.175,7.7636,2.8621000000000003,1.1253,1.6897,2.7537000000000003,1.2787000000000002,1.8024,6.1482,6.615,6.537000000000001,
1991-12-31,33571.0,0.5679236710586097,1234.4,36.54,5.5877,1.4416,1.6341,1.8428,130.225,7.7551,2.826,1.1365,1.6624,2.758,1.2773,1.7832,5.992999999999999,6.4355,6.355,
1992-01-31,33602.0,0.5379814934366258,1161.45,0.0,5.2178,1.36,1.526,1.7176,125.755,7.7757,2.7747,1.1607,1.6285,2.7385,1.3192000000000002,1.8525,5.599,6.018000000000002,5.9460000000000015,
1992-02-29,33633.0,0.5645571049511657,1222.95,0.0,5.5258,1.4458,1.6219,1.8261,125.975,7.7635,2.8282000000000003,1.1784,1.6332,2.643,1.3395,1.8598,5.9314,6.396,6.32,
1992-03-31,33662.0,0.5720169317011784,1237.85,0.0,5.5928,1.4876,1.6457000000000002,1.8527,129.195,7.757300000000001,2.8707000000000003,1.1844,1.6435000000000002,2.5944000000000003,1.3293,1.8335,5.9755,6.447500000000002,6.377000000000002,
1992-04-30,33693.0,0.5805515239477503,1255.35,0.0,5.6303,1.5141,1.6597000000000002,1.8679,133.585,7.741,2.9072,1.193,1.6608,2.5940000000000003,1.3071000000000002,1.827,6.04,6.524,6.444,
1992-05-31,33723.0,0.5675368898978435,1253.75,0.0,5.6238,1.5313,1.6638000000000002,1.874,133.715,7.7575,2.9017,1.1969,1.6545,2.535,1.3206,1.8596,6.0247,6.5055000000000005,6.444,
1992-06-30,33756.0,0.5512679162072767,1221.75,0.0,5.4346000000000005,1.4693,1.6171,1.8198,127.63,7.734,2.8572,1.207,1.6269,2.549,1.3223,1.8705,5.8312,6.303999999999999,6.2235000000000005,
1992-07-31,33784.0,0.5267593763168984,1158.0,0.1,5.1284,1.3731,1.52,1.7195,125.12,7.7277,2.7947,1.1954,1.6171,2.5137,1.3416,1.8391,5.521,5.9785,5.867000000000001,
1992-08-31,33815.0,0.5238344683080146,1134.8,0.1,5.0389,1.3275,1.4886,1.6801,127.67,7.735,2.7887,1.1853,1.6125,2.51,1.3456,1.8347,5.4172,5.857,5.7377,
1992-09-30,33847.0,0.5074081591231987,1086.6,0.1,4.8227,1.2616,1.4135,1.59,123.495,7.7247,2.7654,1.198,1.5972000000000002,2.5,1.3948,1.8541,5.1972000000000005,5.6102,5.474,
1992-10-31,33876.0,0.5679559266200942,1221.5,0.1,4.8762,1.2492,1.4320000000000002,1.6148,119.67,7.7277,2.8407,1.2577,1.5957,2.5050000000000003,1.4038000000000002,1.8651,5.546,5.9195,5.58,
1992-11-30,33907.0,0.6427148274310688,1329.5,0.1,5.3095,1.3791,1.5494,1.742,123.255,7.7315,2.9782,1.2454,1.6192,2.5162,1.4419,1.9126,5.8485000000000005,6.322500000000002,5.968999999999999,
1992-12-31,33938.0,0.6629541235746487,1408.25,0.1,5.4392000000000005,1.4413,1.5994000000000002,1.8018,124.38,7.7440000000000015,3.0397000000000003,1.2909000000000002,1.636,2.5420000000000003,1.4680000000000002,1.96,6.886,6.625,6.24,
1993-01-31,33968.0,0.6629541235746487,1478.0,0.1,5.5295000000000005,1.4641000000000002,1.6222,1.8214,124.475,7.7427,3.0772,1.2729,1.6397000000000002,2.6180000000000003,1.4526,1.9541,7.098000000000001,6.9785,6.325,
1993-02-28,34001.0,0.689893066574681,1524.0,0.1,5.569,1.5215,1.6434,1.8454,124.885,7.7379999999999995,3.1195,1.2679,1.646,2.631,1.4828,1.9535,7.4987,6.9985,6.38,
1993-03-31,34029.0,0.6960879855213699,1586.05,0.1,5.6285,1.5321,1.6536000000000002,1.8605,118.44,7.7325,3.1722,1.2522,1.644,2.6402,1.4202,1.9044,7.862,7.0575,6.3900000000000015,
1993-04-30,34058.0,0.6707807888382077,1612.5,0.1,5.5277,1.5003,1.6254000000000002,1.827,116.615,7.7297,3.2027,1.2536,1.6396000000000002,2.5975,1.4071,1.8785,7.7305,6.925000000000002,6.2631000000000006,
1993-05-31,34088.0,0.6379178361826996,1482.8,0.1,5.3607000000000005,1.4286,1.5909,1.781,111.93,7.7285,3.1757,1.2738,1.6158,2.5765,1.4053,1.8437,7.309500000000001,6.7115,6.1135,
1993-06-30,34120.0,0.6420545746388443,1473.9,0.1,5.382999999999999,1.4209,1.5934,1.7859,107.26,7.7241,3.1972,1.2729,1.6062,2.5639999999999996,1.4585,1.8513,7.2072,6.7747,6.114,
1993-07-31,34149.0,0.6669334400426837,1549.25,0.1,5.7168,1.5026000000000002,1.6985,1.8988,107.6,7.7515,3.3457000000000003,1.2818,1.6237,2.5860000000000003,1.4958,1.8646,7.797999999999999,7.1687,6.5325000000000015,
1993-08-31,34180.0,0.6758583400919167,1627.0,0.1,6.0310000000000015,1.5277,1.7496,1.9614,105.055,7.7563,3.4016,1.285,1.6175000000000002,2.5717000000000003,1.4529,1.8081,8.302,7.485,6.925000000000002,
1993-09-30,34211.0,0.667779632721202,1606.75,0.1,5.859,1.4726,1.6708,1.8802,104.135,7.7485,3.387,1.3222,1.6047,2.555,1.503,1.8139,8.091000000000001,7.2727,6.909000000000002,
1993-10-31,34241.0,0.662778366914104,1581.0,0.1,5.6555,1.4119000000000002,1.6167,1.8168,105.195,7.7372,3.4436,1.3299,1.5858,2.5557000000000003,1.5570000000000002,1.8212,8.079,7.0887,6.5737000000000005,
1993-11-30,34274.0,0.6772314777190844,1659.65,0.1,5.9479999999999995,1.5021,1.7023,1.9084,108.425,7.7252,3.3867000000000003,1.3183,1.5906,2.5674,1.4857,1.8059,8.2209,7.395,6.8373,
1993-12-31,34302.0,0.6727664155005382,1700.45,0.1,5.9204,1.4924000000000002,1.7138,1.9218,109.135,7.7283,3.387,1.3343,1.6006,2.5645,1.515,1.8384,8.491900000000001,7.440600000000001,6.8014,
1994-01-31,34333.0,0.6785641582411617,1717.65,0.1,5.8972000000000016,1.4843000000000002,1.7391,1.9452,111.84,7.727,3.418,1.3293,1.6065,2.6445000000000003,1.482,1.7958,8.3568,7.5281,6.7883,
1994-02-28,34365.0,0.6676458806249166,1702.75,0.1,5.9229,1.4651,1.7451,1.9531,108.735,7.7261000000000015,3.4377,1.328,1.5943,2.7569999999999997,1.4119000000000002,1.7624000000000002,7.9272,7.4778,6.7632,
1994-03-31,34393.0,0.6727664155005382,1688.8,,5.8041,1.4249,1.7068,1.916,103.995,7.729,3.4908,1.3522,1.5806,2.7235,1.4057000000000002,1.7399,8.0218,7.434900000000002,6.7247,
1994-04-30,34423.0,0.6755843804891231,1637.55,,5.7368000000000015,1.4197,1.6776,1.8843,102.93,7.7288000000000014,3.4939999999999998,1.3805,1.5696,2.674,1.4300000000000002,1.7865,7.892,7.3092000000000015,6.6085,
1994-05-31,34453.0,0.6610259122157589,1599.45,,5.6907000000000005,1.4095,1.6617000000000002,1.8684,101.905,7.7252,3.5354,1.3836000000000002,1.5555,2.6635,1.4005,1.7379,7.688700000000001,7.218800000000001,6.5342,
1994-06-30,34484.0,0.6628222973420825,1594.4,,5.6227,1.4014,1.6443,1.844,104.055,7.725,3.6585,1.3882,1.5352,2.5805,1.364,1.7005,7.7405,7.1292,6.4492,
1994-07-31,34514.0,0.6466214031684449,1576.7,,5.4324,1.3321,1.5835,1.7767000000000002,98.585,7.7297,3.6545,1.3855000000000002,1.5234,2.5965000000000003,1.381,1.6900000000000002,7.661,6.9125000000000005,6.2255,
1994-08-31,34547.0,0.6512960791976032,1592.7,,5.4049000000000005,1.3303,1.5773,1.7712,98.93,7.7251,3.663,1.3894,1.5057,2.5839999999999996,1.355,1.6617000000000002,7.7642000000000015,6.8829,6.2121,
1994-09-30,34576.0,0.6521030322791,1601.1,,5.4145,1.3347,1.5815,1.7742,99.62,7.7273,3.5955000000000004,1.3676,1.4995,2.5500000000000003,1.345,1.6637000000000002,7.7575,6.933400000000002,6.2582,
1994-10-31,34606.0,0.6330716637123323,1558.6,,5.2783000000000015,1.2826,1.5470000000000002,1.7334,98.42,7.726800000000001,3.5810000000000004,1.3421,1.4835,2.5625,1.3505,1.6593,7.49,6.7782,6.0753,
1994-11-30,34638.0,0.6117330397014743,1550.1,,5.1893,1.2625,1.5039,1.6984,97.28,7.7265000000000015,3.508,1.3493000000000002,1.47,2.5500000000000003,1.3496,1.6288,7.2385,6.5792,5.9299,
1994-12-31,34667.0,0.6369426751592356,1619.65,,5.3822,1.3248,1.5691000000000002,1.7568,98.64,7.731000000000001,3.56,1.3772,1.4609999999999999,2.5505,1.3098,1.6063,7.563700000000001,6.844200000000002,6.1415000000000015,
1995-01-31,34698.0,0.6384472961757007,1623.75,,5.3331,1.3057,1.5474,1.7331,99.17,7.7360000000000015,3.5588,1.4029,1.4555,2.5495,1.2906,1.5638,7.475700000000002,6.7517000000000005,6.0787,
1995-02-28,34729.0,0.627549419516787,1596.15,,5.2156,1.266,1.5029,1.6836,98.06,7.7445,3.5427,1.421,1.4469999999999998,2.5575,1.3193,1.5670000000000002,7.4177,6.592700000000002,5.9397,
1995-03-31,34757.0,0.6317917614354309,1678.3,,5.1327,1.2338,1.456,1.635,96.33,7.732,3.6172,1.3988,1.4471,2.5518,1.3545,1.5767,7.374700000000002,6.4569,5.7953,
1995-04-30,34788.0,0.6255473539346929,1727.35,,4.9335,1.1713,1.4103,1.5795,89.2,7.7303000000000015,3.6172,1.4016,1.4181,2.5371,1.3735000000000002,1.5426,7.4694,6.2835,5.587999999999999,
1995-05-31,34820.0,0.6184291898577613,1674.05,,4.9586000000000015,1.1427,1.3876000000000002,1.5548000000000002,83.165,7.7407,3.64,1.3577,1.3853,2.4687,1.3747,1.4858,7.3032,6.2379999999999995,5.466,
1995-06-30,34849.0,0.6246486351427322,1634.5,,4.9035,1.1409,1.3856000000000002,1.5505,82.58,7.7359,3.6822,1.3723,1.384,2.4644,1.3886,1.5018,7.2742,6.187200000000002,5.4262000000000015,
1995-07-31,34879.0,0.6279829188646069,1636.4,,4.8466000000000005,1.146,1.3787,1.5470000000000002,84.245,7.7366,3.6673,1.3775000000000002,1.3932,2.438,1.3983,1.5021,7.2479,6.1382,5.3927000000000005,
1995-08-31,34911.0,0.6263309532757109,1598.15,,4.7861,1.1471,1.3832,1.5511,87.83500000000002,7.7363,3.648,1.3705,1.3906,2.4564,1.3544,1.4878,7.0852,6.1335000000000015,5.3859,
1995-09-30,34941.0,0.646579593948015,1631.85,,5.0683,1.2075,1.4734,1.6508,98.425,7.7439,3.6844,1.3402,1.4222,2.4995000000000003,1.3263,1.5426,7.332000000000002,6.4362,5.7229,
1995-10-31,34971.0,0.6327512022272842,1619.4,,4.9207,1.1502,1.4258000000000002,1.5956,98.545,7.7335,3.6765,1.3442,1.4178000000000002,2.5111000000000003,1.3255,1.5222,6.9554,6.273700000000002,5.5377,
1995-11-30,35002.0,0.6337938902268981,1600.6,,4.8820000000000014,1.1304,1.4018000000000002,1.5702,101.155,7.7327,3.6762,1.3628,1.4128,2.5444,1.3159,1.5178,6.6372,6.2092,5.4488,
1995-12-31,35032.0,0.6514657980456027,1601.8,,4.9307,1.1587,1.4327,1.6041,100.955,7.7358,3.6897,1.3583,1.4088,2.5437000000000003,1.3379,1.5287000000000002,6.5249000000000015,6.3167,5.5521,
1996-01-31,35065.0,0.6441638752898737,1591.9,,4.8904000000000005,1.1481,1.4305,1.599,102.785,7.7334,3.6768,1.3635000000000002,1.4105,2.54,1.3462,1.5341,6.6537000000000015,6.3227,5.5448,
1996-02-29,35094.0,0.6644959797993223,1605.4,,5.1097,1.2091,1.4856,1.6633,106.805,7.7334,3.6785,1.3769,1.4179000000000002,2.5643,1.35,1.4989,6.9732,6.5207000000000015,5.7552,
1996-03-31,35123.0,0.6526989099928203,1555.3,,5.0141,1.1908,1.4625,1.6378,104.035,7.7302,3.8455,1.3758,1.4098000000000002,2.5507,1.3122,1.4973,6.7174000000000005,6.3862000000000005,5.6605,
1996-04-30,35156.0,0.6558237145855194,1573.3,,5.0391,1.1902,1.4786,1.6537000000000002,106.925,7.7332,4.0287000000000015,1.3553000000000002,1.403,2.5337,1.2736,1.4602000000000002,6.6717,6.4175,5.7103,
1996-05-31,35184.0,0.6628222973420825,1567.2,,5.1335000000000015,1.2292,1.5199,1.7006,104.025,7.7328,4.4115,1.3617,1.4028,2.4955000000000003,1.273,1.4612,6.7599,6.541,5.8626000000000005,
1996-06-30,35215.0,0.6520179956966812,1553.7,,5.1802,1.2559,1.5302,1.7120000000000002,107.165,7.7361,4.4195,1.3673,1.4122,2.5022,1.2568,1.4636,6.7632,6.5512000000000015,5.9115,
1996-07-31,35247.0,0.6431281754453662,1539.0,,5.1449,1.2463,1.5211,1.7052,108.82,7.7406000000000015,4.37,1.3619999999999999,1.4096,2.4958,1.2722,1.469,6.6556000000000015,6.4963000000000015,5.862,
1996-08-31,35276.0,0.6429214350006429,1531.5,,5.0089000000000015,1.2002000000000002,1.4755,1.6569999999999998,107.56,7.732900000000001,4.5120000000000005,1.3725,1.4125,2.4978,1.28,1.4456,6.604500000000002,6.3753,5.7018,
1996-09-30,35307.0,0.6403278478581033,1514.5,,5.0548,1.1966,1.4765,1.6551,107.925,7.7321,4.5275,1.3654000000000002,1.4054,2.4970000000000003,1.2669,1.4517,6.6203,6.4061,5.7088,
1996-10-31,35338.0,0.6394270733422853,1526.6,,5.1572000000000005,1.2505000000000002,1.5238,1.7084,111.135,7.7331,4.5777,1.3604,1.4062,2.5093,1.2657,1.4360000000000002,6.6261,6.5005000000000015,5.850300000000002,
1996-11-30,35368.0,0.6130831953896144,1518.0,,5.0883,1.2478,1.5065000000000002,1.6897,113.42,7.7323,4.793,1.3392000000000002,1.4072,2.5323,1.2641,1.4212,6.5509,6.3718,5.7874,
1996-12-31,35398.0,0.594990182661986,1518.4,,5.2156,1.2993,1.535,1.7208,113.16,7.7324,4.6595,1.3446,1.401,2.5307,1.2295,1.4087,6.7072,6.4123,5.8821,
1997-01-31,35429.0,0.5917509911829102,1532.9,,5.2411,1.3477,1.5545,1.7447,115.415,7.7346,4.727,1.3653,1.3975,2.5302,1.256,1.4179000000000002,6.8733,6.4437000000000015,5.9483000000000015,
1997-02-28,35460.0,0.6213881811967936,1612.4,,5.5171,1.4194,1.6348,1.8354,121.085,7.7495,4.6030000000000015,1.3453000000000002,1.4046,2.4874,1.3059,1.4515,7.2265000000000015,6.4802,6.2401,
1997-03-31,35488.0,0.6141751627564181,1681.0,,5.6857000000000015,1.4701,1.6845,1.8946,120.565,7.7444000000000015,4.5127000000000015,1.3639,1.4245,2.4856000000000003,1.2851,1.4536,7.4573,6.7127,6.427300000000002,
1997-04-30,35520.0,0.6131207847946045,1673.6,,5.6317,1.4459,1.6721,1.8808,123.11,7.749300000000002,4.4584,1.3736000000000002,1.4456,2.4803,1.2792,1.4414,7.541200000000001,6.6416,6.3725000000000005,
1997-05-31,35549.0,0.6132335806708775,1712.4,,5.8067,1.4617,1.7203000000000002,1.9362,126.075,7.7476,4.4799,1.3949,1.4426,2.5125,1.2816,1.4400000000000002,7.8197,7.0849,6.5551,
1997-06-30,35580.0,0.6114338122898195,1696.2,,5.7634,1.4098000000000002,1.7058,1.9194,115.925,7.7545,4.5065,1.3768,1.4293,2.5182,1.3122,1.4511,7.745500000000002,7.101800000000001,6.499300000000002,
1997-07-31,35611.0,0.6011060351045924,1703.2,,5.864,1.4551,1.7399,1.9585,114.055,7.7505000000000015,4.5745000000000005,1.3757,1.4283,2.5275000000000003,1.3234,1.4755,7.7133,7.3054000000000014,6.627000000000002,
1997-08-31,35641.0,0.6138358602909582,1788.9,,6.1675,1.5091,1.8296,2.0609,117.675,7.751,4.635,1.3801,1.4656,2.6269,1.3419999999999999,1.5426,7.9465,7.585800000000001,6.9729,
1997-09-30,35674.0,0.6214654154496302,1770.7,,6.0956,1.4886,1.8107,2.0386,120.39,7.7675,4.743,1.3844,1.5038,2.9547000000000003,1.3671,1.5799,7.880400000000002,7.495,6.8971,
1997-10-31,35702.0,0.6195786864931846,1723.1,,5.8919000000000015,1.4451,1.7543000000000002,1.9767,120.37,7.7487,4.7082000000000015,1.3817000000000002,1.5261,3.193,1.3888,1.5695,7.549600000000001,7.0623000000000005,6.6819000000000015,
1997-11-30,35733.0,0.601033778098329,1694.3,,5.7763,1.4021,1.7236,1.9427,119.947,7.7970000000000015,4.7375,1.4063,1.5961,3.4574000000000003,1.4258000000000002,1.6089,7.5021,7.0101,6.5612,
1997-12-31,35765.0,0.5951672419950006,1742.6,,5.9421,1.4279000000000002,1.775,2.0009,126.95,7.742000000000001,4.9094000000000015,1.4215,1.6077,3.5759000000000003,1.4724000000000002,1.6405,7.8094,7.2388,6.7604000000000015,
1998-01-31,35794.0,0.605143721633888,1759.3,,5.9801,1.4492,1.7872,2.0142,129.315,7.7625,4.9030000000000005,1.4365,1.6929,3.821,1.5268000000000002,1.7195,7.8897,7.3098,6.8105,
1998-02-28,35825.0,0.6138735420503376,1808.8,,6.131,1.4774,1.8278,2.0617,126.335,7.7685,4.9735000000000005,1.4552,1.7215,4.2090000000000005,1.455,1.7082000000000002,8.1422,7.5918,6.9668,
1998-03-31,35853.0,0.6086427267194157,1788.2,,6.0704,1.4605,1.8108,2.0404,125.575,7.7485,4.9809,1.4227,1.6151,3.6609,1.473,1.744,7.9884,7.564500000000002,6.9024,
1998-04-30,35884.0,0.5969436485195797,1806.7,,6.1288,1.5116,1.8419999999999999,2.0622000000000003,131.365,7.746,5.0225,1.4156,1.6079,3.62,1.5076,1.8083,7.8786,7.524,6.9756,
1998-05-31,35914.0,0.5995563283170453,1773.0,,6.003900000000002,1.4899,1.7914,2.0163,131.695,7.745,5.0895,1.4369999999999998,1.5905,3.7675,1.5413,1.8185,7.749700000000002,7.4453,6.8331,
1998-06-30,35947.0,0.6096817461285209,1752.75,,5.9546,1.4705,1.7746000000000002,2.0,138.865,7.769,5.2675,1.4552,1.6781,3.9027,1.6213000000000002,1.8961,7.8119,7.5063,6.7668,
1998-07-31,35975.0,0.6017209218364522,1785.3,,6.0662,1.5214,1.8096,2.0399000000000003,141.065,7.779000000000001,6.04,1.4705,1.654,4.1026,1.6442,1.99,7.9804,7.685300000000002,6.8966,
1998-08-31,36006.0,0.610798924993892,1753.1,,5.9488,1.4828,1.7745000000000002,2.0006,142.07500000000005,7.7655,6.19,1.5075,1.7174,4.1699,1.6279,1.9361,7.9294,7.5461,6.7656,
1998-09-30,36038.0,0.5988741166606779,1749.3,,5.928999999999999,1.4485,1.7688,1.9958,141.595,7.815,6.6155,1.5693,1.778,4.2330000000000005,1.7729,2.0329,8.254,7.7395,6.8421,
1998-10-31,36067.0,0.5867855885459452,1655.3,,5.6063,1.3841,1.6721,1.885,133.415,7.7605,5.8950000000000005,1.5019999999999998,1.6724,,1.6717000000000002,1.9867,7.8199,7.4117000000000015,6.3632,
1998-11-30,36098.0,0.5986590038314176,1640.0,,5.554200000000002,1.3524,1.6564,1.8676,116.07,7.7515,5.715,1.5475,1.6205,,1.5995,1.8887,7.8092000000000015,7.390700000000002,6.3028,
1998-12-31,36129.0,0.6067961165048544,1675.6,,5.6739000000000015,1.3904,1.6922,1.9071,122.495,7.745,5.785,1.5212,1.6424,,1.5916,1.8952,8.110800000000001,7.499700000000002,6.4369000000000005,
1999-01-31,36159.0,0.6005645306588193,1654.3,,5.6065000000000005,1.3704,1.6717000000000002,1.8836,114.505,7.751,5.9525000000000015,1.5508000000000002,1.6504,,1.6294000000000002,1.9035,8.1068,7.6192,6.3707,0.8449500000000001
1999-02-28,36192.0,0.6091989034419737,,,,1.4182,,,114.915,7.7502,6.0855000000000015,1.5093,1.6884,,1.5770000000000002,1.8374,7.7985000000000015,7.538200000000002,6.5332,0.8782200000000001
1999-03-31,36220.0,0.6230917814194031,,,,1.4573,,,119.335,7.7537,6.2875000000000005,1.5232,1.7209,,1.6179,1.9082,8.246500000000001,7.9775,6.8152,0.9165399999999999
1999-04-30,36249.0,0.6202704379109292,,,,1.4796,,,119.545,7.7522,6.2675,1.5115,1.7272,,1.5959,1.8838,8.2963,7.7795,6.8929,0.92712
1999-05-31,36279.0,0.6210408644888833,,,,1.5122,,,118.705,7.7509000000000015,6.1000000000000005,1.4671,1.6913,,1.5185000000000002,1.7997,8.3838,7.8135,6.9977,0.9410799999999999
1999-06-30,36311.0,0.6247657128576783,,,,1.5235,,,120.445,7.7561,6.2825000000000015,1.4717,1.7207,,1.5313,1.8627,8.5898,7.920000000000001,7.1211,0.95785
1999-07-31,36340.0,0.6349206349206349,,,,1.5449000000000002,,,120.305,7.7625,6.0695000000000014,1.4763000000000002,1.6988,,1.5207000000000002,1.8827,8.4429,7.8665,7.1816,0.96571
1999-08-31,36371.0,0.6167889964843026,,,,1.4891,,,114.195,7.7667,6.2250000000000005,1.5047,1.6791,,1.5297,1.8792,8.198,7.7845,6.9439,0.93274
1999-09-30,36402.0,0.6295643414756988,,,,1.5259,,,111.045,7.7702,6.1305000000000005,1.4902,1.6826,,1.5805,1.9472,8.307500000000001,7.9453,7.0936,0.95373
1999-10-31,36432.0,0.6076810889645113,,,,1.5024000000000002,,,106.545,7.769100000000001,6.013,1.462,1.7074,,1.526,1.9408,8.1791,7.793500000000001,7.0499,0.94831
1999-11-30,36465.0,0.60882800608828,,,,1.5229,,,103.785,7.7727,6.181,1.4674,1.6533,,1.5657,1.9664,8.2418,7.8665,7.069,0.95047
1999-12-31,36493.0,0.624180762748892,,,,1.5866,,,101.35,7.7726000000000015,6.2170000000000005,1.4726,1.6708,,1.5698,1.9525,8.4907,8.0253,7.3752,0.99088
2000-01-31,36524.0,0.6197706848466067,,,,1.5895,,,101.965,7.7712,6.1800000000000015,1.4525,1.6656,,1.5295,1.9126,8.4342,8.0195,7.3959,0.99344
2000-02-29,36556.0,0.6181233774261343,,,,1.6452,,,106.88,7.780200000000002,6.330500000000002,1.4481000000000002,1.6965,,1.5679,2.0196,8.8055,8.2942,7.618600000000002,1.0233299999999999
2000-03-31,36584.0,0.628654051675363,,,,1.6532,,,108.485,7.7827,6.3205,1.4519,1.7120000000000002,,1.6334000000000002,2.0616,8.6734,8.3347,7.6772,1.03039
2000-04-30,36615.0,0.627549419516787,,,,1.6576000000000002,,,104.765,7.7845,6.6005,1.4566,1.7139,,1.6348,2.0078,8.607800000000001,8.4037,7.7576,1.04187
2000-05-31,36647.0,0.6401229035974907,,,,1.7168,,,107.355,7.7917,6.8255,1.4802,1.7019000000000002,,1.7120000000000002,2.0580000000000003,8.924800000000003,8.9435,8.1745,1.09637
2000-06-30,36676.0,0.6681812107443538,,,,1.6811,,,105.815,7.7936,7.0760000000000005,1.5027,1.7291,,1.7292,2.1723,8.9773,8.9259,7.982,1.0695100000000002
2000-07-31,36706.0,0.6582845105654664,,,,1.6347,,,104.48,7.7908,6.843999999999999,1.4809,1.7284000000000002,,1.662,2.1351,8.806000000000003,8.596300000000001,7.8348,1.05008
2000-08-31,36738.0,0.6666666666666666,,,,1.6617000000000002,,,108.965,7.7927,6.9830000000000005,1.485,1.7279,,1.7280000000000002,2.2019,9.1347,8.8476,8.020800000000001,1.0750300000000002
2000-09-30,36768.0,0.6866245536940402,,,,1.7294,,,105.86,7.7967,6.98,1.4781,1.7169,,1.7480000000000002,2.3433,9.4285,9.0617,8.350900000000001,1.11969
2000-10-31,36798.0,0.675949709341625,,,,1.7194,,,107.25,7.7948,7.231000000000001,1.5052,1.7348,,1.85,2.4516,9.6068,9.0707,8.4375,1.1298100000000002
2000-11-30,36829.0,0.6888001102080177,,,,1.8023,,,108.38,7.7952,7.574000000000002,1.5289,1.7491,,1.91,2.4768000000000003,10.0441,9.4081,8.8217,1.1855300000000002
2000-12-31,36859.0,0.7016559079427449,,,,1.7519,,,110.565,7.7936,7.792000000000002,1.5398,1.7483000000000002,,1.912,2.4722,10.0922,9.3609,8.6776,1.1624500000000002
2001-01-31,36892.0,0.6686279753944905,,,,1.6179,,,113.885,7.7974,7.601800000000001,1.5021,1.7276,,1.796,2.2586,9.4318,8.8512,7.9546,1.06501
2001-02-28,36921.0,0.684369011771147,,,,1.6416000000000002,,,115.405,7.7975,7.8219,1.5015,1.7431,,1.825,2.2673,9.538,8.8399,8.054,1.07746
2001-03-31,36949.0,0.6949270326615705,,,,1.6818000000000002,,,115.775,7.797999999999999,7.752000000000002,1.5256,1.7371,,1.908,2.314,9.9007,9.0183,8.1768,1.09505
2001-04-30,36980.0,0.7051191651389085,,,,1.7323000000000002,,,124.785,7.799200000000001,8.071100000000001,1.5787,1.7991,,2.0500000000000003,2.4857,10.3601,9.1652,8.4833,1.1367399999999999
2001-05-31,37011.0,0.6994474365251452,,,,1.7333,,,123.105,7.797999999999999,8.078100000000001,1.5379,1.8175,,1.96,2.4237,10.2554,9.1877,8.421100000000001,1.1272600000000002
2001-06-30,37041.0,0.7021485746383935,,,,1.7774,,,120.035,7.7988,8.0304,1.5454,1.808,,1.955,2.4033,10.5835,9.2582,8.701,1.1668500000000002
2001-07-31,37071.0,0.7086167800453514,,,,1.7946000000000002,,,123.865,7.7993000000000015,8.1003,1.5211,1.82,,1.975,2.4869000000000003,10.8747,9.3296,8.7874,1.1807
2001-08-31,37102.0,0.7020992768377449,,,,1.7257,,,124.795,7.7989999999999995,8.2726,1.5313,1.8025,,1.979,2.4295,10.6065,9.1672,8.5187,1.1435700000000002
2001-09-30,37133.0,0.6896076132680504,,,,1.6631,,,119.055,7.7986,8.3843,1.5467,1.7475,,1.881,2.273,10.4128,8.8564,8.173300000000001,1.09199
2001-10-31,37165.0,0.6776904310111141,,,,1.6168,,,120.055,7.7983,9.1273,1.5790000000000002,1.7673,,2.023,2.4603,10.6256,8.8542,8.1206,1.09176
2001-11-30,37194.0,0.6879944960440316,,,,1.6203,,,121.785,7.799200000000001,9.4501,1.5791000000000002,1.821,,1.983,2.4204000000000003,10.6323,8.844800000000003,8.2194,1.10417
2001-12-31,37224.0,0.7034327518289252,,,,1.6556000000000002,,,123.655,7.7989999999999995,10.183,1.5825,1.8317,,1.936,2.4286000000000003,10.7055,9.009,8.3971,1.12809
2002-01-31,37256.0,0.689464975179261,,,,1.6594,,,131.125,7.7989000000000015,12.0355,1.5927,1.8443,,1.96,2.4082,10.4714,9.0119,8.3605,1.12422
2002-02-28,37286.0,0.7077140835102619,,,,1.7029,,,132.645,7.8003,12.251,1.5915,1.8335,,1.979,2.4093,10.6731,9.0963,8.6057,1.15834
2002-03-31,37314.0,0.7070135746606334,,,,1.7082000000000002,,,134.235,7.8001,11.4825,1.6085,1.8351,,1.943,2.3858,10.5182,8.9586,8.613800000000001,1.15888
2002-04-30,37347.0,0.7035317292809906,,,,1.6844,,,132.455,7.801,11.4405,1.5943,1.8428,,1.878,2.2745,10.3975,8.8871,8.5526,1.1501400000000002
2002-05-31,37375.0,0.6871907641561297,,,,1.6222,,,127.935,7.800000000000002,11.53,1.5674,1.8029,,1.8630000000000002,2.2479,10.2496,8.4379,8.2574,1.11012
2002-06-30,37406.0,0.6836671908115131,,,,1.5590000000000002,,,122.905,7.7989000000000015,10.588,1.5356,1.7859,,1.774,2.0988,9.744,7.965000000000002,7.930300000000001,1.0666600000000002
2002-07-31,37438.0,0.6543646119617851,,,,1.4839,,,119.795,7.7998,10.0301,1.5186000000000002,1.7668,,1.785,2.0638,9.2244,7.5296,7.5229,1.01245
2002-08-31,37467.0,0.6377551020408163,,,,1.4769999999999999,,,119.705,7.7995,11.138,1.5734,1.7618,,1.839,2.1342000000000003,9.4106,7.579700000000001,7.5489000000000015,1.0155299999999998
2002-09-30,37498.0,0.6470816617057072,,,,1.5002,,,118.505,7.7994,10.62,1.5602,1.7488,,1.8219999999999998,2.1438,9.4186,7.5772,7.5855000000000015,1.02134
2002-10-31,37529.0,0.6385288295766554,,,,1.4733,,,121.385,7.8002,10.661,1.5865,1.7821,,1.848,2.1365000000000003,9.3021,7.4465,7.5322,1.01388
2002-11-30,37559.0,0.643583472776419,,,,1.4869,,,122.625,7.801,10.1515,1.5646,1.77,,1.804,2.0676,9.2583,7.5665,7.568,1.01801
2002-12-31,37589.0,0.6438735432361085,,,,1.4843000000000002,,,122.515,7.7994,10.23,1.5662,1.7653,,1.79,2.0143,9.0938,7.3719,7.4874,1.00795
2003-01-31,37620.0,0.6245706077072013,,,,1.3881,,,118.335,7.8001,9.663,1.5797,1.7343000000000002,,1.78,1.9111,8.767000000000001,6.9838000000000005,7.1031,0.95638
2003-02-28,37651.0,0.6073489219556635,,,,1.3598,,,119.075,7.8007,9.408,1.5321,1.7375,,1.7080000000000002,1.8438,8.5276,6.918500000000001,6.9005,0.92815
2003-03-31,37679.0,0.6343970056461333,,,,1.3587,,,117.435,7.7997,8.828000000000003,1.4961,1.7346,,1.655,1.783,8.4971,7.215000000000002,6.9099,0.93005
2003-04-30,37711.0,0.6342762907522517,,,,1.3525,,,117.905,7.7997,8.701,1.4719,1.7638,,1.659,1.8117,8.5001,7.2978,6.8216,0.91827
2003-05-31,37740.0,0.6294058408862034,,,,1.3653,,,119.935,7.8009,7.945,1.4476,1.7768000000000002,,1.6159999999999999,1.8019999999999998,8.289200000000001,7.093999999999999,6.7399,0.9076799999999999
2003-06-30,37771.0,0.6105751618024179,,,,1.2993,,,119.305,7.7988,8.8435,1.3741,1.7336,,1.539,1.7429,7.7716,6.711200000000002,6.314,0.85026
2003-07-31,37802.0,0.6061340768578009,,,,1.3512,,,119.845,7.7985000000000015,8.325000000000001,1.3564,1.7601,,1.495,1.7125,8.0152,7.2475,6.472,0.87092
2003-08-31,37832.0,0.6193868070610096,,,,1.3622,,,120.275,7.799600000000001,8.0755,1.4037000000000002,1.7574,,1.535,1.7172,8.0862,7.2307000000000015,6.5435,0.8804299999999999
2003-09-30,37865.0,0.6382435537401072,,,,1.4001,,,116.455,7.7993000000000015,7.985,1.3826,1.7537,,1.554,1.7372,8.3778,7.543900000000002,6.7749000000000015,0.91232
2003-10-31,37893.0,0.6024096385542169,,,,1.3308,,,110.975,7.7495,7.681,1.3547,1.7293,,1.484,1.6965,7.7294,7.0216,6.4218,0.8647400000000001
2003-11-30,37924.0,0.5894488653109343,,,,1.3256,,,108.365,7.7568,6.9346000000000005,1.3095,1.7343000000000002,,1.418,1.6357000000000002,7.743200000000001,7.0379000000000005,6.3723,0.8570700000000001
2003-12-31,37956.0,0.5826147751106968,,,,1.2992,,,109.485,7.7589999999999995,6.4268,1.3049000000000002,1.7229,,1.382,1.5602,7.5571,6.8418,6.2326000000000015,0.8375900000000001
2004-01-31,37985.0,0.5634120232125753,,,,1.2444,,,106.955,7.7584,6.6276,1.3010000000000002,1.7026,,1.341,1.5362,7.2719,6.729500000000002,5.9624000000000015,0.7991
2004-02-29,38016.0,0.5492393035645631,,,,1.2566000000000002,,,105.695,7.7726000000000015,7.496,1.3271000000000002,1.693,,1.3150000000000002,1.4946000000000002,7.4154,7.023300000000001,5.9815000000000005,0.8027500000000001
2004-03-31,38047.0,0.536711034778875,,,,1.2685,,,108.835,7.777,7.042999999999999,1.339,1.7011,,1.298,1.4544,7.441400000000002,6.9773000000000005,5.9952000000000005,0.80437
2004-04-30,38076.0,0.5481254110940583,,,,1.277,,,105.525,7.7899,6.721,1.3081,1.6828,,1.33,1.5268000000000002,7.600300000000002,6.904400000000001,6.1043,0.8197300000000001
2004-05-31,38106.0,0.5648760097158674,,,,1.2942,,,110.035,7.7933,7.340000000000002,1.3704,1.7045,,1.3969999999999998,1.6167,7.6617000000000015,6.8482,6.2395000000000005,0.8384300000000001
2004-06-30,38138.0,0.547855147099107,,,,1.2522,,,109.97,7.7872,6.912999999999999,1.367,1.6987,,1.406,1.5955,7.4611,6.7307000000000015,6.0956,0.8195300000000001
2004-07-31,38167.0,0.5551237926057511,,,,1.2618,,,108.125,7.7914,6.2886000000000015,1.3476,1.715,,1.4520000000000002,1.5864,7.538200000000002,6.910900000000002,6.1418,0.8262299999999999
2004-08-31,38198.0,0.551298307514196,,,,1.2792,,,111.18,7.7926,6.3111000000000015,1.3287,1.7194,,1.4280000000000002,1.5779,7.6824,7.007999999999999,6.1867,0.8320799999999999
2004-09-30,38229.0,0.5594718585655141,,,,1.2813,,,109.335,7.7924000000000015,6.795,1.3109,1.7116,,1.4260000000000002,1.5329000000000002,7.5861,6.9488,6.1858,0.83152
2004-10-31,38259.0,0.5573514658343551,,,,1.2599,,,110.785,7.793500000000001,6.4641,1.2715,1.6932,,1.402,1.4989,7.3504,6.7851,6.0396,0.8120100000000001
2004-11-30,38292.0,0.5466273095003826,,,,1.2005,,,106.325,7.7679,6.1358000000000015,1.2224000000000002,1.6669,,1.344,1.4668,7.097,6.3851,5.8307,0.7844300000000001
2004-12-31,38320.0,0.5289605924358635,,,,1.1385,,,102.395,7.7656,5.808400000000002,1.1855,1.6354000000000002,,1.277,1.4029,6.7011,6.1011000000000015,5.5920000000000005,0.7527800000000001
2005-01-31,38351.0,0.5212133847597206,,,,1.1323,,,102.865,7.7639,5.6886,1.2032,1.6362,,1.287,1.3985,6.6208,6.058000000000002,5.4598,0.7338800000000001
2005-02-28,38383.0,0.5325380764724678,,,,1.1869,,,103.405,7.7885,5.9741,1.2393,1.6371,,1.2919999999999998,1.4113,6.981800000000002,6.3571,5.7044000000000015,0.7665700000000001
2005-03-31,38411.0,0.5208333333333334,,,,1.1579000000000002,,,104.165,7.7922,5.8435000000000015,1.2329,1.6229,,1.265,1.3786,6.8285,6.1997,5.6139,0.7541399999999999
2005-04-30,38441.0,0.5324246619103397,,,,1.1944,,,107.085,7.797999999999999,6.3321000000000005,1.2171,1.65,,1.3,1.4145,7.053400000000001,6.3237000000000005,5.7526,0.7721399999999999
2005-05-31,38471.0,0.5240266205523241,,,,1.1881000000000002,,,104.465,7.7875,6.094600000000002,1.2548,1.6342,,1.279,1.3677,7.1160000000000005,6.2764000000000015,5.7604000000000015,0.7736900000000001
2005-06-30,38502.0,0.5493298176225005,,,,1.2292,,,107.66,7.779800000000002,6.5981000000000005,1.2561,1.6583,,1.314,1.4044,7.307600000000001,6.334300000000002,5.9159000000000015,0.7946500000000001
2005-07-31,38532.0,0.5544159228253035,,,,1.2783,,,110.095,7.771000000000001,6.7123,1.2258,1.6841000000000002,,1.3159999999999998,1.4355,7.8178,6.5385,6.1615,0.8271200000000001
2005-08-31,38565.0,0.5654189754608164,,,,1.274,,,111.765,7.7721,6.5284,1.2125,1.6571,,1.3150000000000002,1.4655,7.692500000000001,6.4249,6.1059,0.8183900000000001
2005-09-30,38594.0,0.5612932195779075,,,,1.2695,,,111.195,7.7704,6.566000000000002,1.1924,1.6838000000000002,,1.341,1.4576,7.665100000000002,6.4883000000000015,6.1127,0.8196300000000001
2005-10-31,38624.0,0.5674724775848371,,,,1.2923,,,112.685,7.7613,6.3925,1.1712,1.6894,,1.3190000000000002,1.4500000000000002,7.7491,6.5175,6.1967,0.83042
2005-11-30,38656.0,0.5655468838366701,,,,1.2862,,,116.005,7.752700000000001,6.7283,1.1798,1.6932,,1.34,1.4336,7.9351,6.4867,6.2136000000000005,0.8326300000000001
2005-12-31,38685.0,0.5820382981200163,,,,1.3105,,,119.035,7.7528000000000015,6.5111,1.1664,1.6913,,1.355,1.4293,8.0647,6.7274,6.3229000000000015,0.8480200000000001
2006-01-31,38716.0,0.5820721769499417,,,,1.3113,,,117.565,7.752999999999999,6.3566,1.1639000000000002,1.6614,,1.365,1.4672,7.934100000000001,6.741700000000002,6.2948,0.8436600000000001
2006-02-28,38747.0,0.5652911249293386,,,,1.2835,,,117.225,7.752700000000001,6.1551,1.1443,1.628,,1.3359999999999999,1.4694,7.6268,6.7200000000000015,6.1637,0.8258200000000001
2006-03-31,38775.0,0.5746796161140164,,,,1.3170000000000002,,,115.595,7.754,6.1956000000000016,1.1413,1.6201,,1.355,1.5173,7.9517000000000015,6.7616000000000005,6.282,0.84196
2006-04-30,38806.0,0.5729345708720064,,,,1.2941,,,116.815,7.7556,6.2028,1.1604,1.6164,,1.402,1.6427,7.7301,6.5507,6.1368,0.8223300000000001
2006-05-31,38838.0,0.5485463521667581,,,,1.2363,,,113.255,7.7504,6.0355,1.1191,1.5787,,1.318,1.5744,7.3389000000000015,6.15,5.8966,0.79032
2006-06-30,38867.0,0.5309264666843643,,,,1.2063,,,111.625,7.7537,6.576300000000002,1.0979999999999999,1.5732000000000002,,1.3119999999999998,1.5697,7.1749,6.0626000000000015,5.7805,0.7751899999999999
2006-07-31,38897.0,0.5517850245544336,,,,1.244,,,115.615,7.761100000000001,7.3009,1.1141,1.5939,,1.367,1.6797,7.3456,6.2966000000000015,5.9344,0.7956000000000001
2006-08-31,38929.0,0.5348737697903295,,,,1.227,,,113.955,7.7614,6.9382,1.1303,1.5758,,1.306,1.6246,7.1961,6.1443,5.8333,0.78161
2006-09-30,38959.0,0.5250997689561017,,,,1.2248,,,116.665,7.7698,7.0968,1.1078,1.5716,,1.3110000000000002,1.5407000000000002,7.1969,6.301,5.8039000000000005,0.7779600000000001
2006-10-31,38989.0,0.5340168749332479,,,,1.2459,,,117.525,7.7844000000000015,7.7765,1.1153,1.5829,,1.34,1.5315,7.2986,6.495,5.8656000000000015,0.78646
2006-11-30,39020.0,0.5254308532997057,,,,1.2448,,,116.955,7.7654,7.5136,1.1224,1.5586,,1.3010000000000002,1.5068,7.2299000000000015,6.5559,5.8500000000000005,0.7848
2006-12-31,39050.0,0.5127679212388473,,,,1.2055,,,115.685,7.7677,7.1607,1.1359,1.5421,,1.276,1.4752,6.8948,6.2526,5.6569,0.7588300000000001
2007-01-31,39083.0,0.510542706897432,,,,1.2158,,,118.54,7.7694,7.0638000000000005,1.1647,1.5321,,1.27,1.4220000000000002,6.824400000000002,6.2273000000000005,5.6414,0.7565400000000001
2007-02-28,39112.0,0.5097099750242112,,,,1.2494,,,121.185,7.8021,7.3292,1.1796,1.5353,,1.2950000000000002,1.4527,6.9659,6.2771,5.7453,0.7706500000000001
2007-03-31,39140.0,0.5085176709890669,,,,1.2157,,,118.09,7.8059,7.239400000000002,1.1626,1.5232,,1.262,1.4226,6.9563000000000015,6.1016,5.6171000000000015,0.75363
2007-04-30,39171.0,0.5080010160020321,,,,1.2088,,,116.98,7.805700000000001,7.315600000000001,1.151,1.5141,,1.234,1.4008,6.9726,6.0699000000000005,5.5654,0.74665
2007-05-31,39202.0,0.5000750112516877,,,,1.2035,,,118.955,7.8143,7.0533,1.1066,1.5164,,1.203,1.3503,6.6855,5.9398,5.4496,0.73126
2007-06-30,39232.0,0.5065599513702447,,,,1.2231,,,121.037,7.7988,7.1926000000000005,1.0743,1.5259,,1.2182,1.3729,6.926,6.066000000000002,5.546,0.74431
2007-07-31,39262.0,0.4983305925150745,,,,1.219,,,122.785,7.8128,7.0776,1.0608,1.5263,,1.177,1.2968,6.8316,5.8864,5.4946,0.7382200000000001
2007-08-31,39293.0,0.4943886883868097,,,,1.1987,,,117.945,7.8172000000000015,7.1796000000000015,1.0678,1.51,,1.1780000000000002,1.3159999999999998,6.7114,5.8428,5.4346000000000005,0.7303000000000001
2007-09-30,39324.0,0.4964010920824026,,,,1.1993,,,115.275,7.7938,7.1732000000000005,1.0557,1.5199,,1.224,1.4244,6.8696,5.8157000000000005,5.4485,0.7317400000000001
2007-10-31,39356.0,0.4897159647404505,,,,1.1663,,,115.425,7.771400000000001,6.8980000000000015,0.993,1.4723000000000002,,1.122,1.3119,6.4449000000000005,5.3690000000000015,5.237,0.7023900000000001
2007-11-30,39385.0,0.48426150121065376,,,,1.1586,,,114.495,7.7502,6.5999,0.9532,1.4482000000000002,,1.09,1.3094,6.3704,5.3493,5.1640000000000015,0.6927000000000001
2007-12-31,39415.0,0.4851307427351671,,,,1.1148,,,109.395,7.7792,6.8595000000000015,0.9962,1.445,,1.135,1.3013,6.3482,5.4994000000000005,5.0445,0.6767200000000001
2008-01-31,39447.0,0.504693650953871,,,,1.132,,,111.395,7.787400000000001,6.9005,0.9901,1.4346,,1.142,1.3107,6.4719000000000015,5.4466,5.1112,0.6855399999999999
2008-02-29,39477.0,0.5042101547925175,,,,1.092,,,107.045,7.797300000000001,7.3585,0.9952,1.4174,,1.127,1.2857,6.3797000000000015,5.4565,5.0453,0.6769000000000001
2008-03-31,39506.0,0.5030181086519114,,,,1.0496,,,105.155,7.779000000000001,7.609,0.9723,1.3909,,1.0570000000000002,1.2298,6.1649,5.1915,4.9045000000000005,0.65798
2008-04-30,39538.0,0.5050505050505051,,,,0.9921,,,99.545,7.7751,8.1995,1.0293,1.3779,,1.1,1.2779,5.9506000000000006,5.1024,4.7271,0.6337900000000001
2008-05-31,39567.0,0.5077173030056864,,,,1.0339,,,103.315,7.7842,7.660500000000001,1.014,1.3598,,1.074,1.2961,6.009600000000002,5.1495000000000015,4.7912,0.642
2008-06-30,39598.0,0.5063803929511849,,,,1.0435,,,105.295,7.7984,7.6785,0.9945,1.3616,,1.0510000000000002,1.2833,6.013800000000002,5.1091000000000015,4.8048,0.6439900000000001
2008-07-31,39629.0,0.5036261079774376,,,,1.0208000000000002,,,106.055,7.7915,7.8775,1.0184,1.359,,1.05,1.3209,6.0358,5.1082,4.7474,0.6364500000000001
2008-08-31,39659.0,0.5060728744939271,,,,1.0475,,,107.995,7.7995,7.4700000000000015,1.0245,1.3661,,1.065,1.3698,6.0749,5.1678000000000015,4.8006,0.6432000000000001
2008-09-30,39692.0,0.5563591854901524,,,,1.1017,,,107.965,7.8012000000000015,7.82,1.0669,1.4220000000000002,,1.1820000000000002,1.4435,6.4927,5.4700000000000015,5.1142,0.6856800000000001
2008-10-31,39720.0,0.5545081512698237,,,,1.0936,,,104.635,7.7602,8.302999999999999,1.0381,1.4283,,1.234,1.4809,6.7854,5.8065000000000015,5.1778,0.69415
2008-11-30,39751.0,0.6129328838492184,,,,1.1408,,,98.06,7.7502,10.1045,1.2199,1.4703000000000002,,1.493,1.709,7.6508,6.6618,5.7794,0.77531
2008-12-31,39783.0,0.6740361283364789,,,,1.2033,,,93.245,7.7483,10.44,1.2386,1.5313,,1.5510000000000002,1.8739,8.286800000000001,7.1249,5.9097,0.7920100000000001
2009-01-31,39812.0,0.6942997986530585,,,,1.0556,,,90.275,7.7485,9.4425,1.2229999999999999,1.4397,,1.4520000000000002,1.7408,7.788200000000002,7.0272000000000014,5.2952,0.70967
2009-02-28,39843.0,0.6934812760055478,,,,1.1614,,,89.845,7.7542,10.2975,1.2334,1.5111,,1.5759999999999998,1.9784,8.3857,6.9323000000000015,5.834300000000002,0.7816700000000001
2009-03-31,39871.0,0.6993985172751433,,,,1.1671,,,97.875,7.7532,10.1335,1.268,1.5463,,1.558,1.9926,9.0132,7.0566,5.8834,0.78876
2009-04-30,39902.0,0.704721634954193,,,,1.1523,,,97.415,7.7487,9.814,1.2601,1.5225,,1.473,1.7819999999999998,8.3297,6.809,5.6665,0.7601300000000001
2009-05-31,39932.0,0.6763611768684478,,,,1.1317000000000002,,,96.935,7.7484,8.5481,1.2018,1.4818,,1.3802,1.7429,8.007900000000001,6.5588000000000015,5.5961,0.7508600000000001
2009-06-30,39965.0,0.6071645415907712,,,,1.0676,,,96.345,7.7494,8.0135,1.0867,1.4420000000000002,,1.2368,1.5374,7.3956,6.1943,5.2491,0.70462
2009-07-31,39993.0,0.6037553583288051,,,,1.0837,,,95.945,7.7482000000000015,7.8661,1.1563,1.4534,,1.2418,1.5383,7.7117,6.4176,5.2937,0.7105199999999999
2009-08-31,40024.0,0.6068329388919231,,,,1.0894,,,95.85,7.7479,7.8444,1.083,1.4428,,1.2134,1.5353,7.4164,6.2335,5.2971,0.71103
2009-09-30,40056.0,0.6131583788092464,,,,1.0571000000000002,,,93.58,7.7492,7.816000000000002,1.0887,1.4407,,1.1922,1.4632,7.0870000000000015,6.0147,5.1960000000000015,0.6975899999999999
2009-10-31,40085.0,0.6272738677706686,,,,1.0381,,,90.25,7.7488,7.462700000000001,1.0873000000000002,1.4178000000000002,,1.1511,1.402,7.0230000000000015,5.8642,5.1162,0.6869900000000001
2009-11-30,40116.0,0.60790273556231,,,,1.0243,,,90.04,7.748900000000001,7.8999000000000015,1.0817,1.4003,,1.1133,1.395,7.0668000000000015,5.7199,5.0512000000000015,0.67837
2009-12-31,40147.0,0.6093102607847917,,,,1.0048,,,86.21000000000002,7.747800000000002,7.4613,1.0569,1.3852,,1.0971,1.4024,6.99,5.6965,5.0651,0.6668400000000001
2010-01-31,40177.0,0.621967906456027,,,,1.0358,,,92.49,7.753100000000001,7.4335,1.0544,1.4052,,1.1209,1.3875,7.1568000000000005,5.8057,5.1899000000000015,0.69715
2010-02-28,40210.0,0.6279829188646069,,,,1.0581,,,90.73,7.7648,7.5722,1.0641,1.4119000000000002,,1.129,1.4167,7.275,5.8863,5.3561000000000005,0.7190000000000001
2010-03-31,40238.0,0.6673785371062466,,,,1.0824,,,89.26,7.763400000000002,7.680300000000001,1.0428,1.4063,,1.1148,1.433,7.2007,5.9597000000000016,5.5088,0.7396900000000001
2010-04-30,40267.0,0.6630420368651373,,,,1.0659999999999998,,,92.805,7.7626,7.4226,1.0186,1.3994,,1.0914,1.4115,7.2743,5.9968,5.5484,0.7449600000000001
2010-05-31,40297.0,0.6522731720044355,,,,1.0817,,,94.105,7.7628,7.4,1.0054,1.3685,,1.0812000000000002,1.3846,7.2502,5.9239000000000015,5.618600000000002,0.7547100000000001
2010-06-30,40329.0,0.6904646827314783,,,,1.153,,,90.795,7.7829999999999995,7.6076000000000015,1.0491,1.4049,,1.1835,1.4762000000000002,7.8029,6.4538,6.0194,0.8089900000000001
2010-07-31,40358.0,0.6631299734748011,,,,1.0823,,,88.425,7.7837,7.7096,1.052,1.4011,,1.1768,1.4431,7.8017,6.5033,6.1079,0.8199299999999999
2010-08-31,40389.0,0.6369021081459779,,,,1.0404,,,86.36,7.7656,7.340400000000002,1.0287,1.3602,,1.1108,1.3824,7.2062,6.0676000000000005,5.7063000000000015,0.7658100000000001
2010-09-30,40420.0,0.6446621970087675,,,,1.0273,,,85.295,7.7772000000000014,7.3530000000000015,1.0549,1.3531,,1.1185,1.4079000000000002,7.355,6.2561,5.8421,0.7844300000000001
2010-10-31,40450.0,0.6328312871788381,,,,0.9757,,,83.58,7.7565,7.0029,1.0313,1.3151000000000002,,1.0336,1.3582,6.7269000000000005,5.8485000000000005,5.4700000000000015,0.73402
2010-11-30,40483.0,0.6238692370079232,,,,0.9932,,,80.65,7.7502,7.0142000000000015,1.0157,1.2919999999999998,,1.0175,1.3079,6.7008,5.8752,5.3693,0.71986
2010-12-31,40511.0,0.6430041152263375,,,,1.0011,,,84.285,7.7642000000000015,7.2010000000000005,1.0219,1.3223,,1.0461,1.3454000000000002,7.019,6.2090000000000005,5.6896,0.7635000000000001
2011-01-31,40542.0,0.6506180871828238,,,,0.9373,,,81.735,7.7789,6.694800000000001,1.0014,1.289,,0.9915,1.3045,6.7689,5.915100000000002,5.6215,0.7540000000000001
2011-02-28,40574.0,0.6235969069593416,,,,0.9408,,,81.97500000000002,7.7913000000000014,7.2082000000000015,1.0022,1.2792,,1.005,1.2956,6.4465,5.7899,5.4430000000000005,0.73019
2011-03-31,40602.0,0.6153088850603002,,,,0.9294,,,81.905,7.786,6.9888,0.9734,1.2713,,0.9855,1.3309,6.346,5.6177,5.4042,0.7248399999999999
2011-04-30,40632.0,0.6226650062266501,,,,0.9185,,,82.85000000000002,7.7827,6.8338,0.9714,1.2615,,0.9713,1.3131000000000002,6.3287,5.582400000000002,5.2785,0.7077600000000001
2011-05-31,40662.0,0.6010699044298852,,,,0.873,,,81.55,7.7684000000000015,6.6467,0.9507,1.2288,,0.9214,1.2516,6.0266,5.2751,5.0404,0.6758000000000001
2011-06-30,40693.0,0.606501698204755,,,,0.8526,,,80.84,7.7831,6.9496,0.9776,1.2362,,0.9373,1.2243000000000002,6.2453,5.4430000000000005,5.2246000000000015,0.70071
2011-07-31,40723.0,0.622897720194344,,,,0.8355,,,80.88,7.7818,6.8664000000000005,0.971,1.2333,,0.9417,1.2187,6.3715,5.3975,5.1763,0.6940000000000001
2011-08-31,40756.0,0.6150439756442586,,,,0.7808,,,76.875,7.7889,6.7691,0.9592,1.2053,,0.9183,1.1459,6.358700000000002,5.4182000000000015,5.2469,0.7042200000000001
2011-09-30,40785.0,0.6145148405333989,,,,0.8159000000000001,,,76.71000000000002,7.7915,7.1233,0.9804,1.2062000000000002,,0.9396,1.175,6.3683000000000005,5.3785,5.1655000000000015,0.69323
2011-10-31,40815.0,0.6385696040868455,,,,0.8953000000000001,,,76.705,7.787800000000002,7.945200000000002,1.034,1.2925,,1.0231,1.2897,6.7953,5.7931,5.4644,0.7344200000000001
2011-11-30,40847.0,0.6201935003721161,,,,0.8731,,,77.965,7.7666,7.9237,0.9973,1.2538,,0.9483,1.2359,6.4918000000000005,5.5363000000000016,5.3453,0.71823
2011-12-31,40876.0,0.6401638819537802,,,,0.9183,,,77.805,7.7892,8.3884,1.0302,1.2944,,1.0009,1.314,6.890700000000002,5.8479,5.567,0.7487199999999999
2012-01-31,40907.0,0.6441638752898737,,,,0.9369,,,76.955,7.7659,8.1183,1.0172,1.2964,,0.9792,1.2849000000000002,6.8895,5.9783,5.7299000000000015,0.77083
2012-02-29,40938.0,0.637551801083838,,,,0.9172,,,76.28,7.7556,7.8771,1.004,1.257,,0.9469,1.2212,6.7656,5.8328000000000015,5.660900000000002,0.76158
2012-03-31,40967.0,0.6298815822625347,,,,0.8959,,,80.4,7.7547000000000015,7.5708,0.9967,1.2523,,0.9328,1.1969,6.5642000000000005,5.57,5.5267,0.74326
2012-04-30,40998.0,0.6253517603652055,,,,0.9018,,,82.38,7.7632,7.6859,0.9993,1.2569,,0.9673,1.2215,6.6246,5.7007,5.5752000000000015,0.74934
2012-05-31,41029.0,0.6162948354492789,,,,0.9077,,,79.79,7.7574,7.805700000000001,0.9887,1.2371,,0.963,1.2254,6.7358,5.7354,5.6222,0.7557400000000001
2012-06-30,41059.0,0.6442468754026542,,,,0.9683,,,78.93,7.7635,8.5577,1.0297,1.2887,,1.0307,1.3274,7.2544,6.0818,5.9911,0.8064399999999999
2012-07-31,41089.0,0.6378771448618996,,,,0.9485,,,79.775,7.7567,8.2225,1.02,1.2679,,0.9806,1.251,6.9277000000000015,5.9703,5.8702000000000005,0.7899400000000001
2012-08-31,41120.0,0.6373080109616978,,,,0.9795,,,78.205,7.7548,8.2561,1.0035,1.2472,,0.9568,1.2403,6.8002,6.0564,6.0647,0.81566
2012-09-30,41151.0,0.6334726973267453,,,,0.9602,,,78.55,7.755800000000002,8.514800000000001,0.9933,1.2539,,0.9745,1.2559,6.7016,5.8291,5.9565,0.7997400000000001
2012-10-31,41183.0,0.6196938712276135,,,,0.9374,,,78.03,7.754,8.4102,0.9836,1.2286,,0.967,1.2091,6.588100000000002,5.7387000000000015,5.7766,0.77495
2012-11-30,41212.0,0.6221226825930073,,,,0.9318,,,79.61,7.749700000000002,8.6818,1.0008,1.2194,,0.9671,1.2212,6.6442000000000005,5.7433000000000005,5.7518,0.7712399999999999
2012-12-31,41242.0,0.623558022073954,,,,0.9278,,,82.055,7.7499,8.8246,0.9934,1.2209,,0.9609,1.2189,6.6771,5.6939,5.7479000000000005,0.7707700000000001
2013-01-31,41274.0,0.6148170919151552,,,,0.9135,,,86.57000000000002,7.7498,8.4869,0.9948,1.2216,,0.9641,1.213,6.5052,5.5602,5.6462,0.7569400000000001
2013-02-28,41304.0,0.6333924499619965,,,,0.9113,,,91.065,7.7578,9.0825,1.0028,1.235,,0.9612,1.205,6.3572000000000015,5.4926,5.4967000000000015,0.7368600000000001
2013-03-31,41332.0,0.660676532769556,,,,0.9314,,,91.85,7.7564,8.8984,1.0253,1.2376,,0.9824,1.2166,6.4517000000000015,5.7119,5.6877,0.7628800000000001
2013-04-30,41365.0,0.659152330103487,,,,0.9491,,,94.04,7.761500000000002,9.2591,1.0174,1.2397,,0.9629,1.1987,6.5204,5.8499,5.8171,0.7803899999999999
2013-05-31,41393.0,0.6457862447529867,,,,0.9381,,,98.105,7.7598,9.0284,1.0142,1.2342,,0.969,1.1703,6.5574,5.8379,5.6964000000000015,0.7641100000000001
2013-06-30,41424.0,0.6577216521967904,,,,0.955,,,100.99,7.7627000000000015,10.073,1.032,1.26,,1.0372,1.2408,6.5695000000000014,5.8354,5.7122,0.76639
2013-07-31,41456.0,0.6565988181221274,,,,0.9457,,,99.67,7.7547000000000015,9.9495,1.0505,1.264,,1.0842,1.2806,6.6653,6.0848,5.7111,0.7658600000000001
2013-08-31,41485.0,0.6562110374696503,,,,0.9299,,,98.075,7.7542,9.8565,1.0303,1.2709,,1.1067,1.2578,6.5546000000000015,5.9431,5.620900000000002,0.7542000000000001
2013-09-30,41516.0,0.6462870807212564,,,,0.9306,,,98.22,7.7542,10.3025,1.0533,1.2753,,1.1255,1.2958,6.636500000000002,6.1331000000000016,5.6474,0.7572200000000001
2013-10-31,41547.0,0.6179323981956374,,,,0.9037,,,98.24,7.7551,10.094,1.03,1.2549,,1.0731,1.2041,6.4199,6.0209,5.5094,0.73882
2013-11-30,41577.0,0.6227037798119435,,,,0.8963000000000001,,,98.175,7.753100000000001,9.907,1.0477,1.2371,,1.0561,1.2159,6.3859,5.8933,5.4176,0.72645
2013-12-31,41607.0,0.6110601894286587,,,,0.9042,,,102.415,7.7524000000000015,10.2335,1.0616,1.2547,,1.0983,1.2291,6.5486,6.1246,5.4791,0.73482
2014-01-31,41638.0,0.6055101422948834,,,,0.8868,,,105.04,7.7547000000000015,10.4795,1.0653,1.2672,,1.1235,1.2204000000000002,6.4244,6.0795,5.4014000000000015,0.72421
2014-02-28,41669.0,0.6065752759917505,,,,0.9035,,,102.75,7.766100000000002,11.2255,1.1172,1.2749,,1.1425,1.2324000000000002,6.5266,6.251600000000002,5.504,0.73775
2014-03-31,41697.0,0.5993766482857827,,,,0.8873000000000001,,,102.065,7.7606,10.797,1.1145,1.264,,1.1176,1.1952,6.5213,6.0491,5.4396,0.7290700000000001
2014-04-30,41729.0,0.5997720866070892,,,,0.8838,,,103.06,7.7563,10.5725,1.105,1.2579,,1.0804,1.155,6.4788000000000014,5.993600000000002,5.4178000000000015,0.7258100000000001
2014-05-31,41758.0,0.5943889681407514,,,,0.8839,,,102.57,7.7529,10.606,1.0967,1.2556,,1.0818,1.1727,6.5687000000000015,6.0128,5.4033000000000015,0.7240500000000001
2014-06-30,41789.0,0.5966943135031922,,,,0.8945000000000001,,,101.78,7.7525,10.626,1.0863,1.2542,,1.0843,1.1815,6.6936,5.9893,5.4709,0.73326
2014-07-31,41820.0,0.5848295221942804,,,,0.8868,,,101.275,7.7534,10.6865,1.0683,1.2468,,1.0639,1.1466,6.6916,6.1397,5.4459,0.7305100000000001
2014-08-31,41850.0,0.5919261276192731,,,,0.9097,,,102.89,7.7495,10.7465,1.0919,1.2456,,1.0759999999999998,1.1844,6.8909,6.2725,5.572,0.74738
2014-09-30,41883.0,0.6018295618680789,,,,0.9187,,,104.235,7.75,10.725999999999999,1.0871,1.2496,,1.0724,1.1959,6.9918000000000005,6.195200000000002,5.6695,0.7610800000000001
2014-10-31,41911.0,0.6151196407701298,,,,0.9499,,,109.34,7.768000000000002,11.332,1.1157,1.2735,,1.1474,1.2891,7.2446,6.4485,5.86,0.7873300000000001
2014-11-30,41942.0,0.6248828344685371,,,,0.956,,,109.275,7.7553,10.9245,1.1198,1.2776,,1.1354,1.2789,7.346,6.7132000000000005,5.9027,0.7928900000000001
2014-12-31,41974.0,0.6353643814727746,,,,0.9627,,,118.13,7.7547000000000015,11.071,1.1347,1.3056,,1.1762,1.2697,7.4220000000000015,6.9416,5.9566,0.8005700000000001
2015-01-31,42003.0,0.64263222157959,,,,0.9881,,,119.33,7.7578,11.6331,1.1611,1.3222,,1.2234,1.2792,7.7418,7.4676,6.1196,0.8218200000000001
2015-02-28,42034.0,0.6652917304237908,,,,0.919,,,117.46,7.7532,11.699000000000002,1.2719,1.3546,,1.2895,1.3831,8.2764,7.7532,6.580500000000002,0.8847900000000001
2015-03-31,42062.0,0.647878198898607,,,,0.9501,,,119.7,7.755800000000002,11.745,1.2509,1.3627,,1.2829000000000002,1.3273,8.354800000000001,7.6729,6.6589,0.8929300000000001
2015-04-30,42093.0,0.6755843804891231,,,,0.9665,,,120.05,7.7557,12.217,1.2701,1.3765,,1.3106,1.3349,8.6012,8.0358,6.8948,0.92369
2015-05-31,42123.0,0.6462035541195477,,,,0.9359,,,118.69,7.750800000000001,11.7785,1.1962000000000002,1.3167,,1.2428,1.2968,8.3187,7.481800000000002,6.6720000000000015,0.89485
2015-06-30,42156.0,0.6588049278608604,,,,0.9465,,,124.78,7.7571,12.327,1.2559,1.3568,,1.3173,1.4138000000000002,8.573500000000001,7.9743,6.8319,0.91625
2015-07-31,42184.0,0.6341556217895872,,,,0.9262,,,122.42,7.7534,12.3545,1.2401,1.3485,,1.3053,1.4647,8.2429,7.891800000000001,6.665100000000002,0.8937299999999999
2015-08-31,42215.0,0.6425083526085839,,,,0.9701,,,124.38,7.752999999999999,12.8135,1.3021,1.3776000000000002,,1.3772,1.5224,8.6502,8.1868,6.8421,0.91717
2015-09-30,42247.0,0.650702758979698,,,,0.9617,,,121.35,7.7505000000000015,13.3755,1.3245,1.4103,,1.4013,1.5546,8.4709,8.2883,6.677300000000002,0.8949300000000001
2015-10-31,42276.0,0.6559097468188376,,,,0.9732,,,119.655,7.7503,13.9615,1.3356,1.4269,,1.431,1.5814,8.3948,8.469100000000001,6.6333,0.8892000000000001
2015-11-30,42307.0,0.6474168069403082,,,,0.986,,,120.67,7.7498,13.8845,1.3071000000000002,1.4018000000000002,,1.4025,1.4754,8.5063,8.4856,6.7628,0.90862
2015-12-31,42338.0,0.6645843025187745,,,,1.025,,,123.05,7.7517,14.5782,1.3338,1.4117000000000002,,1.3848,1.5236,8.720500000000001,8.6906,7.0525,0.9458
2016-01-31,42368.0,0.6743543057522422,,,,0.9887,,,120.52,7.7488,15.6635,1.3886,1.4169,,1.3751,1.4662000000000002,8.424100000000001,8.8177,6.8341,0.91608
2016-02-29,42401.0,0.6954102920723226,,,,1.0193,,,121.005,7.7761,15.9722,1.4011,1.4242,,1.413,1.5378,8.5268,8.7157,6.846,0.91735
2016-03-31,42429.0,0.7184940364994971,,,,0.9972,,,112.867,7.7757,15.792800000000002,1.3527,1.406,,1.4005,1.516,8.5678,8.6988,6.8562,0.9201
2016-04-30,42459.0,0.6953619358876294,,,,0.9636,,,112.584,7.7519,14.9427,1.2959,1.3514000000000002,,1.3043,1.4469,8.159600000000001,8.3187,6.5799,0.8829899999999999
2016-05-31,42489.0,0.6839945280437757,,,,0.9596,,,106.914,7.7553,14.2573,1.2553,1.3462,,1.3150000000000002,1.4340000000000002,8.0363,8.0762,6.5007,0.87336
2016-06-30,42520.0,0.6835737234260715,,,,0.9921,,,109.88799999999999,7.766100000000002,15.6651,1.3007,1.3751,,1.3893,1.4880000000000002,8.3274,8.325800000000001,6.6789000000000005,0.8981800000000001
2016-07-31,42550.0,0.7411250277921885,,,,0.9797,,,102.737,7.7555,14.953,1.2977,1.3481,,1.3456,1.406,8.4618,8.3872,6.6982,0.90051
2016-08-31,42583.0,0.7571742257893541,,,,0.9672,,,102.195,7.7578,14.0127,1.3099,1.3405,,1.3223,1.3907,8.5752,8.4833,6.6591000000000005,0.89512
2016-09-30,42612.0,0.7638252367858235,,,,0.9829,,,103.04700000000001,7.7575,14.5142,1.3076,1.364,,1.3309,1.3848,8.5463,8.3401,6.6767,0.8969800000000001
2016-10-31,42642.0,0.7695859627520394,,,,0.9653,,,101.448,7.7532,13.8742,1.3089,1.3615000000000002,,1.3014,1.3715000000000002,8.5435,8.0067,6.6281,0.8893500000000001
2016-11-30,42674.0,0.8185985592665357,,,,0.9897,,,104.962,7.7553,13.5073,1.3406,1.392,,1.3146,1.3986,9.0249,8.264000000000001,6.7846,0.91213
2016-12-31,42703.0,0.7998720204767238,,,,1.0127000000000002,,,112.33,7.7561,13.963,1.3425,1.425,,1.3378,1.4039,9.1699,8.5394,6.9986000000000015,0.94067
2017-01-31,42734.0,0.8103727714748784,,,,1.0177,,,116.831,7.7528000000000015,13.7315,1.3436,1.4475,,1.3849,1.4391,9.092,8.6271,7.053800000000002,0.94732
2017-02-28,42765.0,0.8008970046452025,,,,0.9956,,,113.632,7.7553,13.517999999999999,1.3084,1.4204,,1.3228,1.3717,8.8256,8.309700000000001,6.952000000000001,0.93475
2017-03-31,42793.0,0.8017317405596087,,,,1.0057,,,112.04,7.7612,12.9527,1.3101,1.401,,1.3004,1.3857000000000002,9.0236,8.3476,7.001,0.9419299999999999
2017-04-30,42824.0,0.8005123278898495,,,,0.9974,,,111.2,7.7702,12.9047,1.3289,1.3946,,1.3048,1.4254,8.9123,8.5458,6.9341,0.93127
2017-05-31,42856.0,0.7722007722007721,,,,0.9935,,,111.46799999999999,7.7778,13.3503,1.3666,1.3972,,1.3378,1.4580000000000002,8.8595,8.5737,6.8256000000000006,0.91766
2017-06-30,42885.0,0.778816199376947,,,,0.9751,,,110.785,7.7929,13.2179,1.3465,1.3847,,1.3401,1.4099000000000002,8.7181,8.4367,6.657,0.8948900000000001
2017-07-31,42915.0,0.7698822080221726,,,,0.9567,,,112.189,7.8036,13.0533,1.3021,1.3801,,1.3035,1.3719999999999999,8.485000000000001,8.3972,6.5070000000000014,0.8750600000000001
2017-08-31,42947.0,0.758150113722517,,,,0.966,,,110.391,7.81,13.308800000000002,1.2494,1.3564,,1.253,1.3345,8.0862,7.8948,6.2940000000000005,0.8463799999999999
2017-09-30,42977.0,0.7730962504831851,,,,0.9584,,,110.182,7.824000000000002,13.0515,1.2612,1.3565,,1.265,1.388,7.9659,7.7849,6.2386,0.83855
2017-10-31,43007.0,0.7461016190405133,,,,0.9693,,,112.65899999999999,7.8107000000000015,13.5356,1.2508,1.3576,,1.2758,1.3846,8.1677,7.9694,6.3045,0.8471900000000001
2017-11-30,43038.0,0.7571742257893541,,,,0.9951,,,113.20200000000001,7.799600000000001,14.1378,1.2829000000000002,1.3614000000000002,,1.3029000000000002,1.4555,8.3653,8.1559,6.3953000000000015,0.8595200000000001
2017-12-31,43068.0,0.7438815740534107,,,,0.9836,,,111.74799999999999,7.8086,13.6997,1.2856,1.3465,,1.3207,1.4506,8.3535,8.2428,6.2713,0.84257
2018-01-31,43101.0,0.7386615452799528,,,,0.974,,,112.584,7.8075,12.3722,1.2514,1.3361,,1.2798,1.4087,8.1753,8.1754,6.1897,0.83147
2018-02-28,43130.0,0.7070135746606334,,,,0.9345,,,108.795,7.819800000000001,12.0225,1.2329,1.3113,,1.2373,1.3633,7.8791,7.7092,5.9984,0.8059600000000001
2018-03-31,43158.0,0.7184424168402903,,,,0.939,,,107.346,7.826,11.7718,1.2745,1.3228,,1.2811,1.3808,8.2201,7.8672,6.0692,0.81701
2018-04-30,43189.0,0.7127583749109052,,,,0.9561,,,106.12,7.8474,11.8278,1.2892,1.3106,,1.3027,1.3846,8.350100000000001,7.8445,6.0503,0.8131700000000001
2018-05-31,43220.0,0.726480203414457,,,,0.9896,,,109.131,7.847600000000001,12.5067,1.281,1.3238,,1.3245,1.4185,8.7492,8.0135,6.1603,0.8267700000000001
2018-06-30,43250.0,0.7528419784687194,,,,0.9885,,,108.951,7.8469000000000015,12.537,1.2849000000000002,1.3388,,1.3206,1.4306,8.8117,8.1738,6.384600000000002,0.8576800000000001
2018-07-31,43280.0,0.7578053955744164,,,,0.9918,,,110.743,7.846100000000002,13.738,1.3141,1.3627,,1.3525,1.4774,8.9564,8.152700000000001,6.3796,0.8562500000000001
2018-08-31,43311.0,0.761208799573723,,,,0.9883,,,110.978,7.847600000000001,13.2229,1.3015,1.3606,,1.3502,1.4646,8.7538,8.1399,6.3579,0.8535800000000001
2018-09-30,43342.0,0.768344218209758,,,,0.9945,,,110.4,7.8454000000000015,14.7759,1.2975,1.3668,,1.3698,1.5153,9.128,8.3636,6.5312,0.8561200000000001
2018-10-31,43374.0,0.7659313725490196,,,,0.9945,,,110.4,7.8228,14.2715,1.2787000000000002,1.3707,,1.3698,1.5153,9.128,8.3636,6.5312,0.8621500000000001
2018-11-30,43403.0,0.7859781498074354,,,,0.9945,,,110.4,7.8372,14.7085,1.3136,1.3838,,1.3698,1.5153,9.128,8.3636,6.5312,0.8786900000000001
2018-12-31,43433.0,0.7810059356451109,,,,0.9945,,,110.4,7.8161,13.7276,1.3274,1.3707,,1.3698,1.5153,9.128,8.3636,6.5312,0.8759500000000001
2019-01-31,43465.0,0.7826563356030367,,,,0.9945,,,110.4,7.8233000000000015,14.4439,1.3632,1.3616,,1.3698,1.5153,9.128,8.3636,6.5312,0.8706900000000001
2019-02-28,43495.0,0.7644091117566121,,,,0.9945,,,110.4,7.8353,13.6276,1.3184,1.3508,,1.3698,1.5153,9.128,8.3636,6.5312,0.8732500000000001
2019-03-31,43523.0,0.7499062617172854,,,,0.9945,,,110.4,7.8407,13.9691,1.3139,1.3485,,1.3698,1.5153,9.128,8.3636,6.5312,0.87731
2019-04-30,43556.0,0.760861294985924,,,,0.9945,,,110.4,7.843,14.2597,1.3312000000000002,1.3541,,1.3698,1.5153,9.128,8.3636,6.5312,0.8900899999999999
2019-05-31,43584.0,0.7716049382716049,,,,0.9945,,,110.4,7.840400000000002,14.3545,1.3433000000000002,1.3607,,1.3698,1.5153,9.128,8.3636,6.5312,0.8919100000000001
2019-06-30,43615.0,0.7916402786573781,,,,0.9945,,,110.4,7.8455,14.7454,1.3488,1.3781,,1.3698,1.5153,9.128,8.3636,6.5312,0.8955900000000001
2019-07-31,43647.0,0.7901390644753477,,,,0.9945,,,110.4,7.812200000000002,14.2259,1.3129,1.3559999999999999,,1.3698,1.5153,9.128,8.3636,6.5312,0.8831399999999999
2019-08-31,43676.0,0.8206811653672549,,,,0.9945,,,110.4,7.8214000000000015,14.2735,1.3164,1.3706,,1.3698,1.5153,9.128,8.3636,6.5312,0.89446
2019-09-30,43707.0,0.8208832703989493,,,,0.9945,,,110.4,7.8412000000000015,15.255999999999998,1.3294,1.388,,1.3698,1.5153,9.128,8.3636,6.5312,0.90807
2019-10-31,43738.0,0.8125457056959454,,,,0.9945,,,110.4,7.8348,15.2304,1.3233,1.3824,,1.3698,1.5153,9.128,8.3636,6.5312,0.91474
2019-11-30,43768.0,0.7763372408974458,,,,0.9945,,,110.4,7.8386,15.0453,1.3175,1.3624,,1.3698,1.5153,9.128,8.3636,6.5312,0.8974400000000001
2019-12-31,43798.0,0.7717240314863405,,,,0.9945,,,110.4,7.8302,14.7055,1.3286,1.367,,1.3698,1.5153,9.128,8.3636,6.5312,0.90527
2020-01-31,43829.0,0.7601094557616296,,,,0.9945,,,110.4,7.7894,14.1232,1.3054,1.3479,,1.3698,1.5153,9.128,8.3636,6.5312,0.8899100000000001
2020-02-29,43860.0,0.7627183281214247,,,,0.9945,,,110.4,7.771800000000002,14.8917,1.3219,1.3628,,1.3698,1.5153,9.128,8.3636,6.5312,0.90487
2020-03-31,43889.0,0.7825950853028643,,,,0.9945,,,110.4,7.7926,15.7628,1.341,1.394,,1.3698,1.5153,9.128,8.3636,6.5312,0.9072399999999999
2020-04-30,43920.0,0.8065817067268914,,,,0.9945,,,110.4,7.7556,18.0461,1.4138000000000002,1.4233,,1.3698,1.5153,9.128,8.3636,6.5312,0.90604
2020-05-31,43950.0,0.8034064433196755,,,,0.9945,,,110.4,7.753900000000002,18.3046,1.3924,1.4123,,1.3698,1.5153,9.128,8.3636,6.5312,0.92025
2020-06-30,43983.0,0.8015389547932029,,,,0.9945,,,110.4,7.755000000000001,17.483900000000002,1.3598,1.4079000000000002,,1.3698,1.5153,9.128,8.3636,6.5312,0.8978900000000001
2020-07-31,44011.0,0.8143322475570033,,,,0.9945,,,110.4,7.752000000000002,17.395400000000002,1.3682,1.3948,,1.3698,1.5153,9.128,8.3636,6.5312,0.89046
2020-08-31,44042.0,0.764876854826373,,,,0.9945,,,110.4,7.7499,16.8732,1.3423,1.3739,,1.3698,1.5153,9.128,8.3636,6.5312,0.84577
2020-09-30,44074.0,0.7473283013227711,,,,0.9945,,,110.4,7.7522,16.9859,1.3041,1.3596,,1.3698,1.5153,9.128,8.3636,6.5312,0.83662
2020-10-31,44103.0,0.7783918424534911,,,,0.9945,,,110.4,7.7517,16.9829,1.3404,1.3695000000000002,,1.3698,1.5153,9.128,8.3636,6.5312,0.85165
2020-11-30,44134.0,0.7719027402547278,,,,0.9945,,,110.4,7.7546,16.3053,1.3317,1.3658,,1.3698,1.5153,9.128,8.3636,6.5312,0.8583000000000001
2020-12-31,44165.0,0.7482229704451927,,,,0.9945,,,110.4,7.752000000000002,15.507,1.2973,1.3392000000000002,,1.3698,1.5153,9.128,8.3636,6.5312,0.83557
2021-01-31,44195.0,0.7351319561861354,,,,0.9945,,,110.4,7.751200000000001,14.6829,1.2763,1.3239,,1.3698,1.5153,9.128,8.3636,6.5312,0.8139000000000001
2021-02-28,44228.0,0.7311010381634743,,,,0.9945,,,110.4,7.7525,15.1087,1.2825,1.3327,,1.3698,1.5153,9.128,8.3636,6.5312,0.8280299999999999
2021-03-31,44256.0,0.7168972686214066,,,,0.9945,,,110.4,7.7561,15.0326,1.2658,1.3282,,1.3698,1.5153,9.128,8.3636,6.5312,0.8289700000000001
2021-04-30,44285.0,0.728862973760933,,,,0.9945,,,110.4,7.7748,14.9712,1.2637,1.3483,,1.3698,1.5153,9.128,8.3636,6.5312,0.8527300000000001
2021-05-31,44315.0,0.7170514842965725,,,,0.9945,,,110.4,7.7623000000000015,14.3881,1.2292,1.3265,,1.3698,1.5153,9.128,8.3636,6.5312,0.8248000000000001
2021-06-30,44347.0,0.7038288288288288,,,,0.9945,,,110.4,7.7608000000000015,13.8,1.207,1.3214,,1.3698,1.5153,9.128,8.3636,6.5312,0.8172800000000001
2021-07-31,44376.0,0.722334585379948,,,,0.9945,,,110.4,7.7635,14.4224,1.2395,1.3456,,1.3698,1.5153,9.128,8.3636,6.5312,0.8401000000000001
2021-08-31,44407.0,0.7193209610128039,,,,0.9945,,,110.4,7.7723,14.6778,1.2478,1.3545,,1.3698,1.5153,9.128,8.3636,6.5312,0.8426600000000001
